modality,seed,strategy,accuracy,macro_f1,mae,confusion_matrix
M,42,Hard Label,0.3140096618357488,0.20423853980108983,1.0338164251207729,"[[0, 3, 1, 1, 2], [0, 4, 2, 12, 4], [0, 9, 3, 14, 9], [0, 5, 6, 21, 12], [0, 13, 3, 46, 37]]"
M,42,Soft Label,0.2946859903381642,0.2219786113734194,0.9130434782608695,"[[0, 3, 2, 2, 0], [0, 3, 7, 10, 2], [0, 4, 12, 13, 6], [0, 1, 7, 24, 12], [0, 1, 14, 62, 22]]"
M,3407,Hard Label,0.3285024154589372,0.18300552821100763,0.8454106280193237,"[[0, 2, 2, 2, 1], [0, 1, 3, 16, 2], [0, 2, 1, 27, 5], [0, 0, 3, 34, 7], [0, 1, 0, 66, 32]]"
M,3407,Soft Label,0.2753623188405797,0.15346763410413716,0.966183574879227,"[[0, 1, 2, 2, 2], [0, 0, 6, 13, 3], [0, 1, 3, 23, 8], [0, 0, 7, 20, 17], [0, 0, 11, 54, 34]]"
M,2026,Hard Label,0.3671497584541063,0.25055140481953064,0.8840579710144928,"[[0, 0, 5, 2, 0], [0, 4, 6, 11, 1], [0, 2, 7, 17, 9], [0, 3, 5, 19, 17], [0, 8, 2, 43, 46]]"
M,2026,Soft Label,0.36231884057971014,0.21766592380126976,0.8647342995169082,"[[0, 2, 1, 4, 0], [0, 2, 3, 10, 7], [0, 6, 3, 15, 11], [0, 0, 1, 23, 20], [1, 0, 0, 51, 47]]"
MB,42,Hard Label,0.357487922705314,0.26802155155874346,0.8502415458937198,"[[0, 3, 1, 2, 1], [0, 4, 11, 3, 4], [0, 3, 14, 15, 3], [0, 0, 9, 29, 6], [0, 2, 17, 53, 27]]"
MB,42,Soft Label,0.3188405797101449,0.2571858940279993,0.9468599033816425,"[[0, 2, 1, 3, 1], [0, 7, 7, 6, 2], [0, 4, 12, 14, 5], [0, 2, 8, 28, 6], [0, 5, 18, 57, 19]]"
MB,3407,Hard Label,0.2898550724637681,0.1923155179038662,1.0628019323671498,"[[0, 2, 0, 3, 2], [0, 4, 1, 9, 8], [1, 7, 2, 17, 8], [0, 2, 1, 24, 17], [4, 6, 1, 58, 30]]"
MB,3407,Soft Label,0.3140096618357488,0.20533277664266741,0.8792270531400966,"[[0, 2, 1, 4, 0], [1, 1, 11, 7, 2], [0, 3, 8, 18, 6], [0, 3, 4, 31, 6], [0, 0, 11, 63, 25]]"
MB,2026,Hard Label,0.32367149758454106,0.22126245662789232,0.9758454106280193,"[[0, 2, 0, 2, 3], [0, 4, 5, 10, 3], [0, 3, 4, 15, 13], [1, 3, 7, 20, 13], [1, 1, 10, 48, 39]]"
MB,2026,Soft Label,0.33816425120772947,0.23698539548576428,0.9227053140096618,"[[0, 3, 1, 0, 3], [0, 5, 0, 12, 5], [1, 5, 5, 15, 9], [0, 3, 7, 19, 15], [0, 2, 5, 51, 41]]"
MP,42,Hard Label,0.2946859903381642,0.20153387327589312,1.0917874396135265,"[[0, 3, 2, 2, 0], [0, 1, 4, 11, 6], [2, 3, 9, 15, 6], [0, 5, 7, 20, 12], [2, 11, 10, 45, 31]]"
MP,42,Soft Label,0.27053140096618356,0.15824886398991614,1.0144927536231885,"[[0, 2, 0, 5, 0], [0, 1, 2, 13, 6], [0, 5, 2, 22, 6], [0, 1, 2, 31, 10], [0, 6, 5, 66, 22]]"
MP,3407,Hard Label,0.3526570048309179,0.19210624420237227,0.9468599033816425,"[[0, 0, 0, 5, 2], [0, 1, 1, 12, 8], [0, 0, 2, 22, 11], [0, 0, 2, 19, 23], [0, 3, 1, 44, 51]]"
MP,3407,Soft Label,0.34299516908212563,0.2090269559500329,1.0096618357487923,"[[0, 0, 2, 3, 2], [0, 0, 3, 11, 8], [0, 2, 8, 13, 12], [0, 1, 6, 26, 11], [0, 4, 11, 47, 37]]"
MP,2026,Hard Label,0.26570048309178745,0.15432931131891908,1.077294685990338,"[[0, 4, 0, 3, 0], [0, 1, 3, 10, 8], [1, 3, 1, 24, 6], [0, 4, 8, 23, 9], [1, 10, 5, 53, 30]]"
MP,2026,Soft Label,0.34782608695652173,0.2040151515151515,0.8743961352657005,"[[0, 3, 1, 3, 0], [0, 1, 0, 18, 3], [0, 3, 3, 22, 7], [0, 2, 2, 26, 14], [0, 1, 4, 52, 42]]"
MR,42,Hard Label,0.28502415458937197,0.20926646633525997,0.9082125603864735,"[[0, 1, 3, 3, 0], [1, 4, 3, 12, 2], [0, 6, 5, 19, 5], [0, 1, 4, 26, 13], [0, 0, 9, 66, 24]]"
MR,42,Soft Label,0.22705314009661837,0.17894419306184012,0.9516908212560387,"[[0, 2, 2, 3, 0], [0, 4, 7, 11, 0], [0, 8, 9, 16, 2], [0, 2, 13, 22, 7], [0, 1, 12, 74, 12]]"
MR,3407,Hard Label,0.3285024154589372,0.2619285289873525,0.8260869565217391,"[[0, 2, 1, 4, 0], [2, 10, 0, 9, 1], [1, 5, 3, 21, 5], [0, 2, 3, 23, 16], [0, 1, 2, 64, 32]]"
MR,3407,Soft Label,0.33816425120772947,0.289381401146107,0.8792270531400966,"[[0, 1, 2, 2, 2], [0, 10, 4, 6, 2], [1, 3, 8, 18, 5], [0, 2, 4, 25, 13], [0, 1, 13, 58, 27]]"
MR,2026,Hard Label,0.3140096618357488,0.2626882459947967,0.9130434782608695,"[[0, 1, 1, 4, 1], [0, 8, 5, 6, 3], [0, 6, 10, 13, 6], [0, 2, 11, 19, 12], [0, 0, 15, 56, 28]]"
MR,2026,Soft Label,0.3285024154589372,0.2600320167080975,0.8840579710144928,"[[0, 2, 2, 3, 0], [0, 8, 5, 6, 3], [0, 2, 5, 17, 11], [0, 3, 6, 28, 7], [0, 1, 8, 63, 27]]"
MUV,42,Hard Label,0.34299516908212563,0.2198648648648649,0.9420289855072463,"[[0, 0, 4, 3, 0], [0, 0, 7, 11, 4], [0, 2, 12, 17, 4], [0, 2, 6, 21, 15], [0, 7, 10, 44, 38]]"
MUV,42,Soft Label,0.32367149758454106,0.21850216399415484,0.9565217391304348,"[[0, 3, 2, 2, 0], [0, 1, 10, 8, 3], [1, 2, 12, 15, 5], [1, 2, 7, 17, 17], [2, 6, 10, 44, 37]]"
MUV,3407,Hard Label,0.27053140096618356,0.19021142326046378,0.9371980676328503,"[[0, 2, 1, 4, 0], [1, 3, 5, 10, 3], [2, 5, 4, 23, 1], [1, 2, 3, 28, 10], [2, 2, 1, 73, 21]]"
MUV,3407,Soft Label,0.32367149758454106,0.20211839045780552,0.893719806763285,"[[0, 0, 3, 4, 0], [0, 1, 7, 13, 1], [0, 0, 5, 24, 6], [0, 1, 5, 29, 9], [0, 3, 6, 58, 32]]"
MUV,2026,Hard Label,0.34299516908212563,0.18975422122630245,1.0096618357487923,"[[0, 2, 0, 3, 2], [0, 2, 0, 10, 10], [1, 4, 1, 14, 15], [0, 1, 0, 20, 23], [1, 5, 1, 44, 48]]"
MUV,2026,Soft Label,0.28019323671497587,0.17868852050187853,0.9371980676328503,"[[0, 2, 1, 3, 1], [0, 1, 5, 12, 4], [0, 3, 5, 20, 7], [0, 0, 3, 19, 22], [0, 2, 4, 60, 33]]"
