epoch,accuracy,balanced_accuracy,macro_f1,mae,quadratic_weighted_kappa,per_class,confusion_matrix,patient_group_macro,loss
1,0.32953105196451205,0.19691681514865667,0.13926851449044453,0.9252217997465145,0.028404892865938725,"[{'label': 0, 'precision': 0.045454545454545456, 'recall': 0.034482758620689655, 'f1': 0.0392156862745098, 'support': 29}, {'label': 1, 'precision': 0.0, 'recall': 0.0, 'f1': 0.0, 'support': 101}, {'label': 2, 'precision': 0.21951219512195122, 'recall': 0.047619047619047616, 'f1': 0.0782608695652174, 'support': 189}, {'label': 3, 'precision': 0.3477633477633478, 'recall': 0.8546099290780141, 'f1': 0.49435897435897436, 'support': 282}, {'label': 4, 'precision': 0.36, 'recall': 0.047872340425531915, 'f1': 0.08450704225352113, 'support': 188}]","[[1, 0, 2, 26, 0], [3, 0, 6, 90, 2], [5, 2, 9, 171, 2], [9, 6, 14, 241, 12], [4, 0, 10, 165, 9]]","{'accuracy': 0.3193961378051364, 'macro_f1': 0.1416566221259021, 'mae': 0.9260163024082223, 'quadratic_weighted_kappa': 0.03480950127154592}",1.470457158463385
2,0.40304182509505704,0.2578859051052015,0.2325149606046193,0.7870722433460076,0.18932453379630554,"[{'label': 0, 'precision': 0.0, 'recall': 0.0, 'f1': 0.0, 'support': 29}, {'label': 1, 'precision': 0.5555555555555556, 'recall': 0.04950495049504951, 'f1': 0.09090909090909091, 'support': 101}, {'label': 2, 'precision': 0.4056603773584906, 'recall': 0.2275132275132275, 'f1': 0.29152542372881357, 'support': 189}, {'label': 3, 'precision': 0.3950413223140496, 'recall': 0.8475177304964538, 'f1': 0.5388951521984217, 'support': 282}, {'label': 4, 'precision': 0.4492753623188406, 'recall': 0.16489361702127658, 'f1': 0.24124513618677043, 'support': 188}]","[[0, 2, 4, 21, 2], [0, 5, 26, 66, 4], [0, 1, 43, 135, 10], [0, 1, 20, 239, 22], [0, 0, 13, 144, 31]]","{'accuracy': 0.39216632871152485, 'macro_f1': 0.21953024096060525, 'mae': 0.7921934074176119, 'quadratic_weighted_kappa': 0.16731886776640836}",1.3472069374962
3,0.48542458808618505,0.3378904861104145,0.3327031386189444,0.6983523447401775,0.33008150540340275,"[{'label': 0, 'precision': 0.0, 'recall': 0.0, 'f1': 0.0, 'support': 29}, {'label': 1, 'precision': 0.5714285714285714, 'recall': 0.1188118811881188, 'f1': 0.19672131147540983, 'support': 101}, {'label': 2, 'precision': 0.453416149068323, 'recall': 0.3862433862433862, 'f1': 0.41714285714285715, 'support': 189}, {'label': 3, 'precision': 0.4718162839248434, 'recall': 0.8014184397163121, 'f1': 0.5939553219448095, 'support': 282}, {'label': 4, 'precision': 0.5625, 'recall': 0.3829787234042553, 'f1': 0.45569620253164556, 'support': 188}]","[[0, 3, 11, 10, 5], [0, 12, 35, 46, 8], [0, 2, 73, 102, 12], [0, 2, 23, 226, 31], [0, 2, 19, 95, 72]]","{'accuracy': 0.48306311020237835, 'macro_f1': 0.3234346335137649, 'mae': 0.7102611680277519, 'quadratic_weighted_kappa': 0.29153322779485213}",1.25391990006801
4,0.5424588086185045,0.4124455100018614,0.4193455520880692,0.5982256020278834,0.49663967379013063,"[{'label': 0, 'precision': 0.0, 'recall': 0.0, 'f1': 0.0, 'support': 29}, {'label': 1, 'precision': 0.625, 'recall': 0.3465346534653465, 'f1': 0.445859872611465, 'support': 101}, {'label': 2, 'precision': 0.4913294797687861, 'recall': 0.4497354497354497, 'f1': 0.4696132596685083, 'support': 189}, {'label': 3, 'precision': 0.5210918114143921, 'recall': 0.7446808510638298, 'f1': 0.6131386861313869, 'support': 282}, {'label': 4, 'precision': 0.6242038216560509, 'recall': 0.5212765957446809, 'f1': 0.5681159420289855, 'support': 188}]","[[0, 6, 10, 9, 4], [0, 35, 36, 22, 8], [0, 7, 85, 85, 12], [0, 6, 31, 210, 35], [0, 2, 11, 77, 98]]","{'accuracy': 0.5350225954632644, 'macro_f1': 0.4043563620068674, 'mae': 0.6123967907554163, 'quadratic_weighted_kappa': 0.46411479177659465}",1.1545604940300809
5,0.6172370088719898,0.4823510922520823,0.4823678737508076,0.49049429657794674,0.6133625891387822,"[{'label': 0, 'precision': 0.0, 'recall': 0.0, 'f1': 0.0, 'support': 29}, {'label': 1, 'precision': 0.5647058823529412, 'recall': 0.4752475247524752, 'f1': 0.5161290322580645, 'support': 101}, {'label': 2, 'precision': 0.5728643216080402, 'recall': 0.6031746031746031, 'f1': 0.5876288659793815, 'support': 189}, {'label': 3, 'precision': 0.6177285318559557, 'recall': 0.7907801418439716, 'f1': 0.6936236391912908, 'support': 282}, {'label': 4, 'precision': 0.7083333333333334, 'recall': 0.5425531914893617, 'f1': 0.6144578313253012, 'support': 188}]","[[0, 12, 9, 6, 2], [0, 48, 35, 13, 5], [0, 16, 114, 52, 7], [0, 3, 28, 223, 28], [0, 6, 13, 67, 102]]","{'accuracy': 0.5980262251578802, 'macro_f1': 0.46245189737706227, 'mae': 0.5225395234308852, 'quadratic_weighted_kappa': 0.5760209796404934}",1.0595860729803754
6,0.6501901140684411,0.5108707476624056,0.506964087784335,0.44106463878326996,0.6733621335322169,"[{'label': 0, 'precision': 0.0, 'recall': 0.0, 'f1': 0.0, 'support': 29}, {'label': 1, 'precision': 0.5104166666666666, 'recall': 0.48514851485148514, 'f1': 0.49746192893401014, 'support': 101}, {'label': 2, 'precision': 0.5904761904761905, 'recall': 0.656084656084656, 'f1': 0.6215538847117794, 'support': 189}, {'label': 3, 'precision': 0.6737160120845922, 'recall': 0.7907801418439716, 'f1': 0.7275693311582382, 'support': 282}, {'label': 4, 'precision': 0.7697368421052632, 'recall': 0.6223404255319149, 'f1': 0.6882352941176471, 'support': 188}]","[[0, 16, 9, 3, 1], [0, 49, 45, 4, 3], [0, 11, 124, 46, 8], [0, 13, 23, 223, 23], [0, 7, 9, 55, 117]]","{'accuracy': 0.6601802541551565, 'macro_f1': 0.5103851927732639, 'mae': 0.4302087789386677, 'quadratic_weighted_kappa': 0.6767114710362055}",0.9848817549126532
7,0.70595690747782,0.5726394726605386,0.5650236229553965,0.36248415716096327,0.7399572305640507,"[{'label': 0, 'precision': 0.0, 'recall': 0.0, 'f1': 0.0, 'support': 29}, {'label': 1, 'precision': 0.6310679611650486, 'recall': 0.6435643564356436, 'f1': 0.6372549019607843, 'support': 101}, {'label': 2, 'precision': 0.6536585365853659, 'recall': 0.708994708994709, 'f1': 0.6802030456852792, 'support': 189}, {'label': 3, 'precision': 0.7161290322580646, 'recall': 0.7872340425531915, 'f1': 0.75, 'support': 282}, {'label': 4, 'precision': 0.7953216374269005, 'recall': 0.723404255319149, 'f1': 0.7576601671309192, 'support': 188}]","[[0, 13, 7, 6, 3], [0, 65, 29, 7, 0], [0, 19, 134, 33, 3], [0, 3, 28, 222, 29], [0, 3, 7, 42, 136]]","{'accuracy': 0.7271529937830756, 'macro_f1': 0.5781034160705938, 'mae': 0.3420091332477771, 'quadratic_weighted_kappa': 0.7470466022873994}",0.895082218565415
8,0.7490494296577946,0.6050058349299976,0.5967052248200913,0.3269961977186312,0.7435164482971758,"[{'label': 0, 'precision': 0.0, 'recall': 0.0, 'f1': 0.0, 'support': 29}, {'label': 1, 'precision': 0.6448598130841121, 'recall': 0.6831683168316832, 'f1': 0.6634615384615384, 'support': 101}, {'label': 2, 'precision': 0.7340425531914894, 'recall': 0.7301587301587301, 'f1': 0.7320954907161804, 'support': 189}, {'label': 3, 'precision': 0.7546583850931677, 'recall': 0.8617021276595744, 'f1': 0.804635761589404, 'support': 282}, {'label': 4, 'precision': 0.8197674418604651, 'recall': 0.75, 'f1': 0.7833333333333333, 'support': 188}]","[[0, 18, 4, 2, 5], [0, 69, 21, 8, 3], [0, 13, 138, 33, 5], [0, 3, 18, 243, 18], [0, 4, 7, 36, 141]]","{'accuracy': 0.7503500091437207, 'macro_f1': 0.593335805257325, 'mae': 0.32948378661214267, 'quadratic_weighted_kappa': 0.7406287281109922}",0.8431755655618675
9,0.7807351077313055,0.6370716453610912,0.6265710207542359,0.2674271229404309,0.8133783419216913,"[{'label': 0, 'precision': 0.0, 'recall': 0.0, 'f1': 0.0, 'support': 29}, {'label': 1, 'precision': 0.6944444444444444, 'recall': 0.7425742574257426, 'f1': 0.7177033492822966, 'support': 101}, {'label': 2, 'precision': 0.7371134020618557, 'recall': 0.7566137566137566, 'f1': 0.7467362924281984, 'support': 189}, {'label': 3, 'precision': 0.788961038961039, 'recall': 0.8617021276595744, 'f1': 0.823728813559322, 'support': 282}, {'label': 4, 'precision': 0.8659217877094972, 'recall': 0.824468085106383, 'f1': 0.8446866485013624, 'support': 188}]","[[0, 15, 10, 1, 3], [0, 75, 20, 4, 2], [0, 14, 143, 29, 3], [0, 3, 20, 243, 16], [0, 1, 1, 31, 155]]","{'accuracy': 0.8012422167601583, 'macro_f1': 0.6378344425624031, 'mae': 0.25306670122751435, 'quadratic_weighted_kappa': 0.8105186528307902}",0.7769772709549153
10,0.8453738910012675,0.7216265185893918,0.7329242822927589,0.17870722433460076,0.8906969124576978,"[{'label': 0, 'precision': 1.0, 'recall': 0.1724137931034483, 'f1': 0.29411764705882354, 'support': 29}, {'label': 1, 'precision': 0.7105263157894737, 'recall': 0.801980198019802, 'f1': 0.7534883720930232, 'support': 101}, {'label': 2, 'precision': 0.8181818181818182, 'recall': 0.8571428571428571, 'f1': 0.8372093023255814, 'support': 189}, {'label': 3, 'precision': 0.8732876712328768, 'recall': 0.9042553191489362, 'f1': 0.8885017421602788, 'support': 282}, {'label': 4, 'precision': 0.9111111111111111, 'recall': 0.8723404255319149, 'f1': 0.8913043478260869, 'support': 188}]","[[5, 20, 2, 2, 0], [0, 81, 17, 2, 1], [0, 11, 162, 14, 2], [0, 0, 14, 255, 13], [0, 2, 3, 19, 164]]","{'accuracy': 0.8623362387808158, 'macro_f1': 0.738246454413716, 'mae': 0.1588146575857838, 'quadratic_weighted_kappa': 0.9038651401697743}",0.6841695978009957
11,0.8466413181242078,0.7383726639093006,0.7551144743561317,0.1888466413181242,0.8771739528116923,"[{'label': 0, 'precision': 0.8888888888888888, 'recall': 0.27586206896551724, 'f1': 0.42105263157894735, 'support': 29}, {'label': 1, 'precision': 0.6869565217391305, 'recall': 0.7821782178217822, 'f1': 0.7314814814814815, 'support': 101}, {'label': 2, 'precision': 0.8153846153846154, 'recall': 0.8412698412698413, 'f1': 0.828125, 'support': 189}, {'label': 3, 'precision': 0.8947368421052632, 'recall': 0.9042553191489362, 'f1': 0.8994708994708994, 'support': 282}, {'label': 4, 'precision': 0.9027027027027027, 'recall': 0.8882978723404256, 'f1': 0.8954423592493298, 'support': 188}]","[[8, 17, 2, 1, 1], [1, 79, 17, 4, 0], [0, 14, 159, 12, 4], [0, 3, 11, 255, 13], [0, 2, 6, 13, 167]]","{'accuracy': 0.8527451101234282, 'macro_f1': 0.7428742070819423, 'mae': 0.18175593073007174, 'quadratic_weighted_kappa': 0.8827564415738078}",0.6630737989272153
12,0.8833967046894804,0.8425813120738408,0.8544599166043432,0.13307984790874525,0.9241835478347193,"[{'label': 0, 'precision': 0.8333333333333334, 'recall': 0.6896551724137931, 'f1': 0.7547169811320755, 'support': 29}, {'label': 1, 'precision': 0.8252427184466019, 'recall': 0.8415841584158416, 'f1': 0.8333333333333334, 'support': 101}, {'label': 2, 'precision': 0.8743169398907104, 'recall': 0.8465608465608465, 'f1': 0.8602150537634409, 'support': 189}, {'label': 3, 'precision': 0.8847457627118644, 'recall': 0.925531914893617, 'f1': 0.9046793760831889, 'support': 282}, {'label': 4, 'precision': 0.9293478260869565, 'recall': 0.9095744680851063, 'f1': 0.9193548387096774, 'support': 188}]","[[20, 8, 0, 1, 0], [4, 85, 9, 0, 3], [0, 9, 160, 20, 0], [0, 1, 10, 261, 10], [0, 0, 4, 13, 171]]","{'accuracy': 0.8859123761670328, 'macro_f1': 0.8555685808121772, 'mae': 0.1333954562555537, 'quadratic_weighted_kappa': 0.922268726860201}",0.6206213642284746
13,0.8884664131812421,0.8380904568464043,0.8534067453699533,0.13054499366286437,0.9199087391568244,"[{'label': 0, 'precision': 0.8260869565217391, 'recall': 0.6551724137931034, 'f1': 0.7307692307692307, 'support': 29}, {'label': 1, 'precision': 0.83, 'recall': 0.8217821782178217, 'f1': 0.8258706467661692, 'support': 101}, {'label': 2, 'precision': 0.8578947368421053, 'recall': 0.8624338624338624, 'f1': 0.8601583113456465, 'support': 189}, {'label': 3, 'precision': 0.8859060402684564, 'recall': 0.9361702127659575, 'f1': 0.9103448275862069, 'support': 282}, {'label': 4, 'precision': 0.9662921348314607, 'recall': 0.9148936170212766, 'f1': 0.9398907103825137, 'support': 188}]","[[19, 10, 0, 0, 0], [3, 83, 9, 3, 3], [0, 7, 163, 18, 1], [0, 0, 16, 264, 2], [1, 0, 2, 13, 172]]","{'accuracy': 0.8890150782775004, 'macro_f1': 0.8615721688084376, 'mae': 0.127421504983932, 'quadratic_weighted_kappa': 0.9265943367192208}",0.5950141680557918
14,0.9074778200253485,0.8638556786189048,0.8778133913510663,0.11280101394169835,0.9248476867788022,"[{'label': 0, 'precision': 0.8695652173913043, 'recall': 0.6896551724137931, 'f1': 0.7692307692307693, 'support': 29}, {'label': 1, 'precision': 0.8613861386138614, 'recall': 0.8613861386138614, 'f1': 0.8613861386138614, 'support': 101}, {'label': 2, 'precision': 0.8769230769230769, 'recall': 0.9047619047619048, 'f1': 0.890625, 'support': 189}, {'label': 3, 'precision': 0.9163763066202091, 'recall': 0.9326241134751773, 'f1': 0.9244288224956063, 'support': 282}, {'label': 4, 'precision': 0.9562841530054644, 'recall': 0.9308510638297872, 'f1': 0.9433962264150944, 'support': 188}]","[[20, 8, 0, 0, 1], [2, 87, 9, 2, 1], [0, 4, 171, 13, 1], [0, 1, 13, 263, 5], [1, 1, 2, 9, 175]]","{'accuracy': 0.9107144871178269, 'macro_f1': 0.885077115459891, 'mae': 0.11189480249965963, 'quadratic_weighted_kappa': 0.9229521704441679}",0.5883137010349521
15,0.9226869455006337,0.9011413559690874,0.9061701023032747,0.08365019011406843,0.9578592019939879,"[{'label': 0, 'precision': 0.8888888888888888, 'recall': 0.8275862068965517, 'f1': 0.8571428571428571, 'support': 29}, {'label': 1, 'precision': 0.8666666666666667, 'recall': 0.900990099009901, 'f1': 0.883495145631068, 'support': 101}, {'label': 2, 'precision': 0.9139784946236559, 'recall': 0.8994708994708994, 'f1': 0.9066666666666666, 'support': 189}, {'label': 3, 'precision': 0.9246575342465754, 'recall': 0.9574468085106383, 'f1': 0.9407665505226481, 'support': 282}, {'label': 4, 'precision': 0.9664804469273743, 'recall': 0.9202127659574468, 'f1': 0.9427792915531336, 'support': 188}]","[[24, 5, 0, 0, 0], [2, 91, 8, 0, 0], [1, 8, 170, 9, 1], [0, 0, 7, 270, 5], [0, 1, 1, 13, 173]]","{'accuracy': 0.9309532469876073, 'macro_f1': 0.9174351531390419, 'mae': 0.07426077851330351, 'quadratic_weighted_kappa': 0.9628610267119174}",0.5515562593559198
16,0.944233206590621,0.9230765687406178,0.9325397427988751,0.059569074778200254,0.9713662797664493,"[{'label': 0, 'precision': 0.96, 'recall': 0.8275862068965517, 'f1': 0.8888888888888888, 'support': 29}, {'label': 1, 'precision': 0.9056603773584906, 'recall': 0.9504950495049505, 'f1': 0.927536231884058, 'support': 101}, {'label': 2, 'precision': 0.9560439560439561, 'recall': 0.9206349206349206, 'f1': 0.9380053908355795, 'support': 189}, {'label': 3, 'precision': 0.9379310344827586, 'recall': 0.9645390070921985, 'f1': 0.951048951048951, 'support': 282}, {'label': 4, 'precision': 0.9623655913978495, 'recall': 0.9521276595744681, 'f1': 0.9572192513368984, 'support': 188}]","[[24, 5, 0, 0, 0], [1, 96, 4, 0, 0], [0, 4, 174, 9, 2], [0, 1, 4, 272, 5], [0, 0, 0, 9, 179]]","{'accuracy': 0.9457227426489723, 'macro_f1': 0.9333969350239293, 'mae': 0.05712334113973458, 'quadratic_weighted_kappa': 0.9734629661580129}",0.5311998475262723
17,0.9518377693282636,0.9494884121399597,0.9508243695117958,0.053231939163498096,0.9721907039355157,"[{'label': 0, 'precision': 0.9642857142857143, 'recall': 0.9310344827586207, 'f1': 0.9473684210526315, 'support': 29}, {'label': 1, 'precision': 0.9333333333333333, 'recall': 0.9702970297029703, 'f1': 0.9514563106796117, 'support': 101}, {'label': 2, 'precision': 0.946236559139785, 'recall': 0.9312169312169312, 'f1': 0.9386666666666666, 'support': 189}, {'label': 3, 'precision': 0.9507042253521126, 'recall': 0.9574468085106383, 'f1': 0.9540636042402827, 'support': 282}, {'label': 4, 'precision': 0.967741935483871, 'recall': 0.9574468085106383, 'f1': 0.9625668449197861, 'support': 188}]","[[27, 2, 0, 0, 0], [1, 98, 2, 0, 0], [0, 4, 176, 8, 1], [0, 0, 7, 270, 5], [0, 1, 1, 6, 180]]","{'accuracy': 0.9631859804606341, 'macro_f1': 0.9544008994163502, 'mae': 0.04159544030439325, 'quadratic_weighted_kappa': 0.9769129799215204}",0.5147783461632384
18,0.9505703422053232,0.9420188446542659,0.9507811215581498,0.06463878326996197,0.953095820695018,"[{'label': 0, 'precision': 1.0, 'recall': 0.896551724137931, 'f1': 0.9454545454545454, 'support': 29}, {'label': 1, 'precision': 0.9603960396039604, 'recall': 0.9603960396039604, 'f1': 0.9603960396039604, 'support': 101}, {'label': 2, 'precision': 0.956989247311828, 'recall': 0.9417989417989417, 'f1': 0.9493333333333334, 'support': 189}, {'label': 3, 'precision': 0.9438596491228071, 'recall': 0.9539007092198581, 'f1': 0.9488536155202821, 'support': 282}, {'label': 4, 'precision': 0.9424083769633508, 'recall': 0.9574468085106383, 'f1': 0.9498680738786279, 'support': 188}]","[[26, 2, 0, 0, 1], [0, 97, 1, 0, 3], [0, 1, 178, 9, 1], [0, 1, 6, 269, 6], [0, 0, 1, 7, 180]]","{'accuracy': 0.958715285078656, 'macro_f1': 0.9604155006717197, 'mae': 0.05451331237125279, 'quadratic_weighted_kappa': 0.9602461875763073}",0.5172669764405119
19,0.9594423320659062,0.9418317379374453,0.9504674188338533,0.048162230671736375,0.9706970640667297,"[{'label': 0, 'precision': 0.9615384615384616, 'recall': 0.8620689655172413, 'f1': 0.9090909090909091, 'support': 29}, {'label': 1, 'precision': 0.9509803921568627, 'recall': 0.9603960396039604, 'f1': 0.9556650246305419, 'support': 101}, {'label': 2, 'precision': 0.9631578947368421, 'recall': 0.9682539682539683, 'f1': 0.9656992084432717, 'support': 189}, {'label': 3, 'precision': 0.9480968858131488, 'recall': 0.9716312056737588, 'f1': 0.9597197898423818, 'support': 282}, {'label': 4, 'precision': 0.978021978021978, 'recall': 0.9468085106382979, 'f1': 0.9621621621621622, 'support': 188}]","[[25, 3, 0, 1, 0], [1, 97, 2, 1, 0], [0, 1, 183, 5, 0], [0, 0, 4, 274, 4], [0, 1, 1, 8, 178]]","{'accuracy': 0.9697383828423519, 'macro_f1': 0.9652017127638095, 'mae': 0.039164167248722896, 'quadratic_weighted_kappa': 0.9736330756587582}",0.5000289491223141
20,0.9556400506970849,0.9644534058269049,0.9611649253241206,0.051964512040557666,0.9705544076784497,"[{'label': 0, 'precision': 0.9666666666666667, 'recall': 1.0, 'f1': 0.9830508474576272, 'support': 29}, {'label': 1, 'precision': 0.9603960396039604, 'recall': 0.9603960396039604, 'f1': 0.9603960396039604, 'support': 101}, {'label': 2, 'precision': 0.9242424242424242, 'recall': 0.9682539682539683, 'f1': 0.9457364341085271, 'support': 189}, {'label': 3, 'precision': 0.956989247311828, 'recall': 0.9468085106382979, 'f1': 0.9518716577540107, 'support': 282}, {'label': 4, 'precision': 0.9834254143646409, 'recall': 0.9468085106382979, 'f1': 0.964769647696477, 'support': 188}]","[[29, 0, 0, 0, 0], [0, 97, 3, 1, 0], [0, 3, 183, 3, 0], [1, 1, 10, 267, 3], [0, 0, 2, 8, 178]]","{'accuracy': 0.9588623298039377, 'macro_f1': 0.9639171283646562, 'mae': 0.04764950990462334, 'quadratic_weighted_kappa': 0.9737862600588209}",0.48769596887632016
21,0.9505703422053232,0.9467732681453871,0.9482713412050641,0.05449936628643853,0.9725497258656363,"[{'label': 0, 'precision': 0.9333333333333333, 'recall': 0.9655172413793104, 'f1': 0.9491525423728814, 'support': 29}, {'label': 1, 'precision': 0.9680851063829787, 'recall': 0.900990099009901, 'f1': 0.9333333333333333, 'support': 101}, {'label': 2, 'precision': 0.9414893617021277, 'recall': 0.9365079365079365, 'f1': 0.9389920424403183, 'support': 189}, {'label': 3, 'precision': 0.9413793103448276, 'recall': 0.9680851063829787, 'f1': 0.9545454545454546, 'support': 282}, {'label': 4, 'precision': 0.9679144385026738, 'recall': 0.9627659574468085, 'f1': 0.9653333333333334, 'support': 188}]","[[28, 1, 0, 0, 0], [1, 91, 7, 2, 0], [1, 2, 177, 8, 1], [0, 0, 4, 273, 5], [0, 0, 0, 7, 181]]","{'accuracy': 0.9570384394770275, 'macro_f1': 0.95035306157486, 'mae': 0.04717376453025846, 'quadratic_weighted_kappa': 0.9766749383053128}",0.5052809294487889
22,0.9847908745247148,0.9797329318929169,0.9821619769837711,0.016476552598225603,0.9919701249295223,"[{'label': 0, 'precision': 1.0, 'recall': 0.9655172413793104, 'f1': 0.9824561403508771, 'support': 29}, {'label': 1, 'precision': 0.9607843137254902, 'recall': 0.9702970297029703, 'f1': 0.9655172413793104, 'support': 101}, {'label': 2, 'precision': 0.9893617021276596, 'recall': 0.9841269841269841, 'f1': 0.986737400530504, 'support': 189}, {'label': 3, 'precision': 0.9893617021276596, 'recall': 0.9893617021276596, 'f1': 0.9893617021276596, 'support': 282}, {'label': 4, 'precision': 0.9841269841269841, 'recall': 0.9893617021276596, 'f1': 0.986737400530504, 'support': 188}]","[[28, 1, 0, 0, 0], [0, 98, 2, 1, 0], [0, 3, 186, 0, 0], [0, 0, 0, 279, 3], [0, 0, 0, 2, 186]]","{'accuracy': 0.9877448160742582, 'macro_f1': 0.9877449987118663, 'mae': 0.01498742436290018, 'quadratic_weighted_kappa': 0.9914369895479552}",0.46650991973163813
23,0.9721166032953105,0.9717953093566003,0.9716427148689013,0.034220532319391636,0.9769824928000326,"[{'label': 0, 'precision': 0.9655172413793104, 'recall': 0.9655172413793104, 'f1': 0.9655172413793104, 'support': 29}, {'label': 1, 'precision': 0.9801980198019802, 'recall': 0.9801980198019802, 'f1': 0.9801980198019802, 'support': 101}, {'label': 2, 'precision': 0.9583333333333334, 'recall': 0.9735449735449735, 'f1': 0.9658792650918635, 'support': 189}, {'label': 3, 'precision': 0.9750889679715302, 'recall': 0.9716312056737588, 'f1': 0.9733570159857904, 'support': 282}, {'label': 4, 'precision': 0.978494623655914, 'recall': 0.9680851063829787, 'f1': 0.9732620320855615, 'support': 188}]","[[28, 0, 0, 0, 1], [0, 99, 2, 0, 0], [1, 2, 184, 2, 0], [0, 0, 5, 274, 3], [0, 0, 1, 5, 182]]","{'accuracy': 0.9751980803825702, 'macro_f1': 0.9740420765677025, 'mae': 0.03186020741342266, 'quadratic_weighted_kappa': 0.976196785769122}",0.47952190305947956
24,0.9809885931558935,0.9813103346808845,0.9805935725094368,0.019011406844106463,0.9919320258693267,"[{'label': 0, 'precision': 0.9666666666666667, 'recall': 1.0, 'f1': 0.9830508474576272, 'support': 29}, {'label': 1, 'precision': 0.98, 'recall': 0.9702970297029703, 'f1': 0.9751243781094527, 'support': 101}, {'label': 2, 'precision': 0.9893617021276596, 'recall': 0.9841269841269841, 'f1': 0.986737400530504, 'support': 189}, {'label': 3, 'precision': 0.9657534246575342, 'recall': 1.0, 'f1': 0.9825783972125436, 'support': 282}, {'label': 4, 'precision': 1.0, 'recall': 0.9521276595744681, 'f1': 0.9754768392370572, 'support': 188}]","[[29, 0, 0, 0, 0], [1, 98, 2, 0, 0], [0, 2, 186, 1, 0], [0, 0, 0, 282, 0], [0, 0, 0, 9, 179]]","{'accuracy': 0.9839335460960341, 'macro_f1': 0.98099690300613, 'mae': 0.01606645390396596, 'quadratic_weighted_kappa': 0.9932877610389523}",0.4635352913493288
25,0.9759188846641318,0.9746434462472904,0.9746294416111289,0.02788339670468948,0.9818404100631178,"[{'label': 0, 'precision': 0.9655172413793104, 'recall': 0.9655172413793104, 'f1': 0.9655172413793104, 'support': 29}, {'label': 1, 'precision': 0.9801980198019802, 'recall': 0.9801980198019802, 'f1': 0.9801980198019802, 'support': 101}, {'label': 2, 'precision': 0.9680851063829787, 'recall': 0.9629629629629629, 'f1': 0.9655172413793104, 'support': 189}, {'label': 3, 'precision': 0.975177304964539, 'recall': 0.975177304964539, 'f1': 0.975177304964539, 'support': 282}, {'label': 4, 'precision': 0.9841269841269841, 'recall': 0.9893617021276596, 'f1': 0.986737400530504, 'support': 188}]","[[28, 0, 0, 0, 1], [1, 99, 1, 0, 0], [0, 2, 182, 5, 0], [0, 0, 5, 275, 2], [0, 0, 0, 2, 186]]","{'accuracy': 0.9807858302941539, 'macro_f1': 0.9774805161984202, 'mae': 0.021263350033714955, 'quadratic_weighted_kappa': 0.9877560560101937}",0.46749354413555905
26,0.9809885931558935,0.9772675485764697,0.9793402938496621,0.019011406844106463,0.9919787129206092,"[{'label': 0, 'precision': 1.0, 'recall': 0.9655172413793104, 'f1': 0.9824561403508771, 'support': 29}, {'label': 1, 'precision': 0.9607843137254902, 'recall': 0.9702970297029703, 'f1': 0.9655172413793104, 'support': 101}, {'label': 2, 'precision': 0.9682539682539683, 'recall': 0.9682539682539683, 'f1': 0.9682539682539683, 'support': 189}, {'label': 3, 'precision': 0.9892857142857143, 'recall': 0.9822695035460993, 'f1': 0.9857651245551602, 'support': 282}, {'label': 4, 'precision': 0.9894736842105263, 'recall': 1.0, 'f1': 0.9947089947089947, 'support': 188}]","[[28, 1, 0, 0, 0], [0, 98, 3, 0, 0], [0, 3, 183, 3, 0], [0, 0, 3, 277, 2], [0, 0, 0, 0, 188]]","{'accuracy': 0.9820062451209991, 'macro_f1': 0.9766431355056311, 'mae': 0.01799375487900078, 'quadratic_weighted_kappa': 0.9924939338592564}",0.45982186883423565
27,0.9885931558935361,0.9909388608567037,0.9856075682588484,0.015209125475285171,0.9893723203497841,"[{'label': 0, 'precision': 0.9354838709677419, 'recall': 1.0, 'f1': 0.9666666666666667, 'support': 29}, {'label': 1, 'precision': 1.0, 'recall': 0.9900990099009901, 'f1': 0.9950248756218906, 'support': 101}, {'label': 2, 'precision': 0.9894179894179894, 'recall': 0.9894179894179894, 'f1': 0.9894179894179894, 'support': 189}, {'label': 3, 'precision': 0.9893238434163701, 'recall': 0.9858156028368794, 'f1': 0.9875666074600356, 'support': 282}, {'label': 4, 'precision': 0.9893617021276596, 'recall': 0.9893617021276596, 'f1': 0.9893617021276596, 'support': 188}]","[[29, 0, 0, 0, 0], [1, 100, 0, 0, 0], [0, 0, 187, 2, 0], [1, 0, 1, 278, 2], [0, 0, 1, 1, 186]]","{'accuracy': 0.988493785492339, 'macro_f1': 0.9884849894140799, 'mae': 0.01465632701167899, 'quadratic_weighted_kappa': 0.990387309599754}",0.4504393643223892
28,0.9809885931558935,0.9835145672621973,0.9852362181205739,0.020278833967046894,0.990319189980273,"[{'label': 0, 'precision': 1.0, 'recall': 1.0, 'f1': 1.0, 'support': 29}, {'label': 1, 'precision': 0.9900990099009901, 'recall': 0.9900990099009901, 'f1': 0.9900990099009901, 'support': 101}, {'label': 2, 'precision': 0.9891891891891892, 'recall': 0.9682539682539683, 'f1': 0.9786096256684492, 'support': 189}, {'label': 3, 'precision': 0.9623287671232876, 'recall': 0.9964539007092199, 'f1': 0.9790940766550522, 'support': 282}, {'label': 4, 'precision': 0.9945054945054945, 'recall': 0.9627659574468085, 'f1': 0.9783783783783784, 'support': 188}]","[[29, 0, 0, 0, 0], [0, 100, 1, 0, 0], [0, 1, 183, 5, 0], [0, 0, 0, 281, 1], [0, 0, 1, 6, 181]]","{'accuracy': 0.9843430498457653, 'macro_f1': 0.9880583628653236, 'mae': 0.016621270308526056, 'quadratic_weighted_kappa': 0.9922387393586216}",0.4615433986649314
29,0.9835234474017744,0.9764252800922059,0.9811557763208599,0.019011406844106463,0.9887219503695026,"[{'label': 0, 'precision': 1.0, 'recall': 0.9310344827586207, 'f1': 0.9642857142857143, 'support': 29}, {'label': 1, 'precision': 0.9900990099009901, 'recall': 0.9900990099009901, 'f1': 0.9900990099009901, 'support': 101}, {'label': 2, 'precision': 0.9742268041237113, 'recall': 1.0, 'f1': 0.9869451697127938, 'support': 189}, {'label': 3, 'precision': 0.9891696750902527, 'recall': 0.9716312056737588, 'f1': 0.9803220035778175, 'support': 282}, {'label': 4, 'precision': 0.9789473684210527, 'recall': 0.9893617021276596, 'f1': 0.9841269841269841, 'support': 188}]","[[27, 1, 0, 1, 0], [0, 100, 1, 0, 0], [0, 0, 189, 0, 0], [0, 0, 4, 274, 4], [0, 0, 0, 2, 186]]","{'accuracy': 0.9766100702576113, 'macro_f1': 0.9744764481392917, 'mae': 0.025575722092115536, 'quadratic_weighted_kappa': 0.9865819237424233}",0.4464745116626657
30,0.9860583016476553,0.9881301250692445,0.9887856513699923,0.015209125475285171,0.9925182877269033,"[{'label': 0, 'precision': 1.0, 'recall': 1.0, 'f1': 1.0, 'support': 29}, {'label': 1, 'precision': 0.9900990099009901, 'recall': 0.9900990099009901, 'f1': 0.9900990099009901, 'support': 101}, {'label': 2, 'precision': 0.9891304347826086, 'recall': 0.9629629629629629, 'f1': 0.9758713136729222, 'support': 189}, {'label': 3, 'precision': 0.9790209790209791, 'recall': 0.9929078014184397, 'f1': 0.9859154929577465, 'support': 282}, {'label': 4, 'precision': 0.9894179894179894, 'recall': 0.9946808510638298, 'f1': 0.9920424403183024, 'support': 188}]","[[29, 0, 0, 0, 0], [0, 100, 1, 0, 0], [0, 1, 182, 5, 1], [0, 0, 1, 280, 1], [0, 0, 0, 1, 187]]","{'accuracy': 0.9863242564785477, 'macro_f1': 0.9893086462735573, 'mae': 0.01549723714622461, 'quadratic_weighted_kappa': 0.9920158410339954}",0.4481845645396882
31,0.9885931558935361,0.9911572666891816,0.9912123091893207,0.012674271229404309,0.9935856961294676,"[{'label': 0, 'precision': 1.0, 'recall': 1.0, 'f1': 1.0, 'support': 29}, {'label': 1, 'precision': 0.9901960784313726, 'recall': 1.0, 'f1': 0.9950738916256158, 'support': 101}, {'label': 2, 'precision': 0.9946236559139785, 'recall': 0.9788359788359788, 'f1': 0.9866666666666667, 'support': 189}, {'label': 3, 'precision': 0.9824561403508771, 'recall': 0.9929078014184397, 'f1': 0.9876543209876543, 'support': 282}, {'label': 4, 'precision': 0.9893048128342246, 'recall': 0.9840425531914894, 'f1': 0.9866666666666667, 'support': 188}]","[[29, 0, 0, 0, 0], [0, 101, 0, 0, 0], [0, 1, 185, 2, 1], [0, 0, 1, 280, 1], [0, 0, 0, 3, 185]]","{'accuracy': 0.9892451516125577, 'macro_f1': 0.9918292976565182, 'mae': 0.01171916854173363, 'quadratic_weighted_kappa': 0.9943135466730091}",0.44043028637936815
32,0.9847908745247148,0.9871856131915117,0.9852504920851756,0.015209125475285171,0.9935824701389652,"[{'label': 0, 'precision': 0.9666666666666667, 'recall': 1.0, 'f1': 0.9830508474576272, 'support': 29}, {'label': 1, 'precision': 1.0, 'recall': 0.9801980198019802, 'f1': 0.99, 'support': 101}, {'label': 2, 'precision': 0.9739583333333334, 'recall': 0.9894179894179894, 'f1': 0.9816272965879265, 'support': 189}, {'label': 3, 'precision': 0.9822695035460993, 'recall': 0.9822695035460993, 'f1': 0.9822695035460993, 'support': 282}, {'label': 4, 'precision': 0.9946236559139785, 'recall': 0.9840425531914894, 'f1': 0.9893048128342246, 'support': 188}]","[[29, 0, 0, 0, 0], [1, 99, 1, 0, 0], [0, 0, 187, 2, 0], [0, 0, 4, 277, 1], [0, 0, 0, 3, 185]]","{'accuracy': 0.9854963570127505, 'macro_f1': 0.9870191915712517, 'mae': 0.014503642987249543, 'quadratic_weighted_kappa': 0.9939459898697657}",0.44290601704812627
33,0.9923954372623575,0.9950467184509737,0.9946957422770536,0.0076045627376425855,0.9967962730111379,"[{'label': 0, 'precision': 1.0, 'recall': 1.0, 'f1': 1.0, 'support': 29}, {'label': 1, 'precision': 1.0, 'recall': 1.0, 'f1': 1.0, 'support': 101}, {'label': 2, 'precision': 0.9842105263157894, 'recall': 0.9894179894179894, 'f1': 0.9868073878627969, 'support': 189}, {'label': 3, 'precision': 0.9928571428571429, 'recall': 0.9858156028368794, 'f1': 0.9893238434163701, 'support': 282}, {'label': 4, 'precision': 0.9947089947089947, 'recall': 1.0, 'f1': 0.9973474801061007, 'support': 188}]","[[29, 0, 0, 0, 0], [0, 101, 0, 0, 0], [0, 0, 187, 2, 0], [0, 0, 3, 278, 1], [0, 0, 0, 0, 188]]","{'accuracy': 0.9915675559841423, 'macro_f1': 0.9938730152133781, 'mae': 0.00843244401585771, 'quadratic_weighted_kappa': 0.9964911774213647}",0.4375089943711144
34,0.9873257287705957,0.9895260498694247,0.9898737602959573,0.012674271229404309,0.994649026312684,"[{'label': 0, 'precision': 1.0, 'recall': 1.0, 'f1': 1.0, 'support': 29}, {'label': 1, 'precision': 0.9900990099009901, 'recall': 0.9900990099009901, 'f1': 0.9900990099009901, 'support': 101}, {'label': 2, 'precision': 0.9893617021276596, 'recall': 0.9841269841269841, 'f1': 0.986737400530504, 'support': 189}, {'label': 3, 'precision': 0.9823943661971831, 'recall': 0.9893617021276596, 'f1': 0.9858657243816255, 'support': 282}, {'label': 4, 'precision': 0.9893048128342246, 'recall': 0.9840425531914894, 'f1': 0.9866666666666667, 'support': 188}]","[[29, 0, 0, 0, 0], [0, 100, 1, 0, 0], [0, 1, 186, 2, 0], [0, 0, 1, 279, 2], [0, 0, 0, 3, 185]]","{'accuracy': 0.9865209471766849, 'macro_f1': 0.989513513799954, 'mae': 0.013479052823315116, 'quadratic_weighted_kappa': 0.994381471578821}",0.43631835094876165
35,0.9898605830164765,0.9922042102893167,0.99226163501284,0.010139416983523447,0.9957136920105718,"[{'label': 0, 'precision': 1.0, 'recall': 1.0, 'f1': 1.0, 'support': 29}, {'label': 1, 'precision': 0.9901960784313726, 'recall': 1.0, 'f1': 0.9950738916256158, 'support': 101}, {'label': 2, 'precision': 0.9947089947089947, 'recall': 0.9947089947089947, 'f1': 0.9947089947089947, 'support': 189}, {'label': 3, 'precision': 0.9824561403508771, 'recall': 0.9929078014184397, 'f1': 0.9876543209876543, 'support': 282}, {'label': 4, 'precision': 0.9945652173913043, 'recall': 0.973404255319149, 'f1': 0.9838709677419355, 'support': 188}]","[[29, 0, 0, 0, 0], [0, 101, 0, 0, 0], [0, 1, 188, 0, 0], [0, 0, 1, 280, 1], [0, 0, 0, 5, 183]]","{'accuracy': 0.99137187230371, 'macro_f1': 0.9930810214905769, 'mae': 0.008628127696289904, 'quadratic_weighted_kappa': 0.9964031266199657}",0.42911899471313175
36,0.9949302915082383,0.9968141393673309,0.9964628950202717,0.005069708491761723,0.9978675301052586,"[{'label': 0, 'precision': 1.0, 'recall': 1.0, 'f1': 1.0, 'support': 29}, {'label': 1, 'precision': 1.0, 'recall': 1.0, 'f1': 1.0, 'support': 101}, {'label': 2, 'precision': 1.0, 'recall': 0.9947089947089947, 'f1': 0.9973474801061007, 'support': 189}, {'label': 3, 'precision': 0.9964285714285714, 'recall': 0.9893617021276596, 'f1': 0.9928825622775801, 'support': 282}, {'label': 4, 'precision': 0.9842931937172775, 'recall': 1.0, 'f1': 0.9920844327176781, 'support': 188}]","[[29, 0, 0, 0, 0], [0, 101, 0, 0, 0], [0, 0, 188, 1, 0], [0, 0, 0, 279, 3], [0, 0, 0, 0, 188]]","{'accuracy': 0.9947176684881603, 'macro_f1': 0.9965194081470615, 'mae': 0.005282331511839708, 'quadratic_weighted_kappa': 0.9978041877117172}",0.4315294204102723
37,0.9949302915082383,0.9961049195091748,0.9964560684593827,0.005069708491761723,0.9978596105250737,"[{'label': 0, 'precision': 1.0, 'recall': 1.0, 'f1': 1.0, 'support': 29}, {'label': 1, 'precision': 1.0, 'recall': 1.0, 'f1': 1.0, 'support': 101}, {'label': 2, 'precision': 1.0, 'recall': 0.9947089947089947, 'f1': 0.9973474801061007, 'support': 189}, {'label': 3, 'precision': 0.9894366197183099, 'recall': 0.9964539007092199, 'f1': 0.9929328621908127, 'support': 282}, {'label': 4, 'precision': 0.9946524064171123, 'recall': 0.9893617021276596, 'f1': 0.992, 'support': 188}]","[[29, 0, 0, 0, 0], [0, 101, 0, 0, 0], [0, 0, 188, 1, 0], [0, 0, 0, 281, 1], [0, 0, 0, 2, 186]]","{'accuracy': 0.995469034608379, 'macro_f1': 0.9970524554995892, 'mae': 0.004530965391621129, 'quadratic_weighted_kappa': 0.998107701947688}",0.41858609887583625
38,0.9961977186311787,0.9971687492964089,0.9967112247009531,0.0038022813688212928,0.9983983630417704,"[{'label': 0, 'precision': 1.0, 'recall': 1.0, 'f1': 1.0, 'support': 29}, {'label': 1, 'precision': 0.9901960784313726, 'recall': 1.0, 'f1': 0.9950738916256158, 'support': 101}, {'label': 2, 'precision': 1.0, 'recall': 0.9947089947089947, 'f1': 0.9973474801061007, 'support': 189}, {'label': 3, 'precision': 0.9964539007092199, 'recall': 0.9964539007092199, 'f1': 0.9964539007092199, 'support': 282}, {'label': 4, 'precision': 0.9946808510638298, 'recall': 0.9946808510638298, 'f1': 0.9946808510638298, 'support': 188}]","[[29, 0, 0, 0, 0], [0, 101, 0, 0, 0], [0, 1, 188, 0, 0], [0, 0, 0, 281, 1], [0, 0, 0, 1, 187]]","{'accuracy': 0.9955601092896176, 'macro_f1': 0.9969274380554725, 'mae': 0.004439890710382513, 'quadratic_weighted_kappa': 0.9981521022903473}",0.4190399516066973
39,0.9873257287705957,0.9898750310694696,0.9903380839026112,0.01394169835234474,0.9930427480636429,"[{'label': 0, 'precision': 1.0, 'recall': 1.0, 'f1': 1.0, 'support': 29}, {'label': 1, 'precision': 1.0, 'recall': 0.9900990099009901, 'f1': 0.9950248756218906, 'support': 101}, {'label': 2, 'precision': 0.9842105263157894, 'recall': 0.9894179894179894, 'f1': 0.9868073878627969, 'support': 189}, {'label': 3, 'precision': 0.9858156028368794, 'recall': 0.9858156028368794, 'f1': 0.9858156028368794, 'support': 282}, {'label': 4, 'precision': 0.9840425531914894, 'recall': 0.9840425531914894, 'f1': 0.9840425531914894, 'support': 188}]","[[29, 0, 0, 0, 0], [0, 100, 1, 0, 0], [0, 0, 187, 1, 1], [0, 0, 2, 278, 2], [0, 0, 0, 3, 185]]","{'accuracy': 0.9920025574221636, 'macro_f1': 0.9942404870040125, 'mae': 0.00854389066526812, 'quadratic_weighted_kappa': 0.99598272086084}",0.4278936585545993
40,0.9936628643852978,0.9944849601474839,0.9943071765244478,0.0063371356147021544,0.9973298498421261,"[{'label': 0, 'precision': 1.0, 'recall': 1.0, 'f1': 1.0, 'support': 29}, {'label': 1, 'precision': 0.9900990099009901, 'recall': 0.9900990099009901, 'f1': 0.9900990099009901, 'support': 101}, {'label': 2, 'precision': 0.9894179894179894, 'recall': 0.9894179894179894, 'f1': 0.9894179894179894, 'support': 189}, {'label': 3, 'precision': 0.99644128113879, 'recall': 0.9929078014184397, 'f1': 0.9946714031971581, 'support': 282}, {'label': 4, 'precision': 0.9947089947089947, 'recall': 1.0, 'f1': 0.9973474801061007, 'support': 188}]","[[29, 0, 0, 0, 0], [0, 100, 1, 0, 0], [0, 1, 187, 1, 0], [0, 0, 1, 280, 1], [0, 0, 0, 0, 188]]","{'accuracy': 0.9925318761384335, 'macro_f1': 0.9931289871244001, 'mae': 0.007468123861566484, 'quadratic_weighted_kappa': 0.9968951938050329}",0.4245434193405664
41,0.9961977186311787,0.99589214240573,0.9967010381413937,0.0038022813688212928,0.9983914930573252,"[{'label': 0, 'precision': 1.0, 'recall': 1.0, 'f1': 1.0, 'support': 29}, {'label': 1, 'precision': 1.0, 'recall': 0.9900990099009901, 'f1': 0.9950248756218906, 'support': 101}, {'label': 2, 'precision': 0.9947368421052631, 'recall': 1.0, 'f1': 0.9973614775725593, 'support': 189}, {'label': 3, 'precision': 0.9929577464788732, 'recall': 1.0, 'f1': 0.9964664310954063, 'support': 282}, {'label': 4, 'precision': 1.0, 'recall': 0.9893617021276596, 'f1': 0.9946524064171123, 'support': 188}]","[[29, 0, 0, 0, 0], [0, 100, 1, 0, 0], [0, 0, 189, 0, 0], [0, 0, 0, 282, 0], [0, 0, 0, 2, 186]]","{'accuracy': 0.9949908925318763, 'macro_f1': 0.9954882261983119, 'mae': 0.005009107468123861, 'quadratic_weighted_kappa': 0.997904453408226}",0.41612670505454785
42,0.991128010139417,0.9870807082105688,0.9900031717593093,0.010139416983523447,0.9946275510620971,"[{'label': 0, 'precision': 1.0, 'recall': 0.9655172413793104, 'f1': 0.9824561403508771, 'support': 29}, {'label': 1, 'precision': 0.9901960784313726, 'recall': 1.0, 'f1': 0.9950738916256158, 'support': 101}, {'label': 2, 'precision': 0.9947089947089947, 'recall': 0.9947089947089947, 'f1': 0.9947089947089947, 'support': 189}, {'label': 3, 'precision': 0.9859649122807017, 'recall': 0.9964539007092199, 'f1': 0.9911816578483245, 'support': 282}, {'label': 4, 'precision': 0.9945945945945946, 'recall': 0.9787234042553191, 'f1': 0.9865951742627346, 'support': 188}]","[[28, 1, 0, 0, 0], [0, 101, 0, 0, 0], [0, 0, 188, 1, 0], [0, 0, 0, 281, 1], [0, 0, 1, 3, 184]]","{'accuracy': 0.9882058287795993, 'macro_f1': 0.9864372987029573, 'mae': 0.013615664845173044, 'quadratic_weighted_kappa': 0.9927515433017523}",0.41752368717894656
43,0.9936628643852978,0.9950467184509737,0.9955753009167477,0.0063371356147021544,0.9973220267878781,"[{'label': 0, 'precision': 1.0, 'recall': 1.0, 'f1': 1.0, 'support': 29}, {'label': 1, 'precision': 1.0, 'recall': 1.0, 'f1': 1.0, 'support': 101}, {'label': 2, 'precision': 0.9946808510638298, 'recall': 0.9894179894179894, 'f1': 0.9920424403183024, 'support': 189}, {'label': 3, 'precision': 0.9859649122807017, 'recall': 0.9964539007092199, 'f1': 0.9911816578483245, 'support': 282}, {'label': 4, 'precision': 1.0, 'recall': 0.9893617021276596, 'f1': 0.9946524064171123, 'support': 188}]","[[29, 0, 0, 0, 0], [0, 101, 0, 0, 0], [0, 0, 187, 2, 0], [0, 0, 1, 281, 0], [0, 0, 0, 2, 186]]","{'accuracy': 0.9941041127408685, 'macro_f1': 0.9957469730572758, 'mae': 0.005895887259131436, 'quadratic_weighted_kappa': 0.9975396901665279}",0.4168369853904492
44,1.0,1.0,1.0,0.0,1.0,"[{'label': 0, 'precision': 1.0, 'recall': 1.0, 'f1': 1.0, 'support': 29}, {'label': 1, 'precision': 1.0, 'recall': 1.0, 'f1': 1.0, 'support': 101}, {'label': 2, 'precision': 1.0, 'recall': 1.0, 'f1': 1.0, 'support': 189}, {'label': 3, 'precision': 1.0, 'recall': 1.0, 'f1': 1.0, 'support': 282}, {'label': 4, 'precision': 1.0, 'recall': 1.0, 'f1': 1.0, 'support': 188}]","[[29, 0, 0, 0, 0], [0, 101, 0, 0, 0], [0, 0, 189, 0, 0], [0, 0, 0, 282, 0], [0, 0, 0, 0, 188]]","{'accuracy': 1.0, 'macro_f1': 1.0, 'mae': 0.0, 'quadratic_weighted_kappa': 1.0}",0.40147928166449903
45,0.9949302915082383,0.9948283126184959,0.9958104904922171,0.005069708491761723,0.9978533270030513,"[{'label': 0, 'precision': 1.0, 'recall': 1.0, 'f1': 1.0, 'support': 29}, {'label': 1, 'precision': 1.0, 'recall': 0.9900990099009901, 'f1': 0.9950248756218906, 'support': 101}, {'label': 2, 'precision': 0.9947368421052631, 'recall': 1.0, 'f1': 0.9973614775725593, 'support': 189}, {'label': 3, 'precision': 0.9894736842105263, 'recall': 1.0, 'f1': 0.9947089947089947, 'support': 282}, {'label': 4, 'precision': 1.0, 'recall': 0.9840425531914894, 'f1': 0.9919571045576407, 'support': 188}]","[[29, 0, 0, 0, 0], [0, 100, 1, 0, 0], [0, 0, 189, 0, 0], [0, 0, 0, 282, 0], [0, 0, 0, 3, 185]]","{'accuracy': 0.9948087431693989, 'macro_f1': 0.99603166787597, 'mae': 0.005191256830601093, 'quadratic_weighted_kappa': 0.9978287739553213}",0.4105498612455844
46,0.9949302915082383,0.9961049195091748,0.9962798895440972,0.0063371356147021544,0.9962577928770004,"[{'label': 0, 'precision': 1.0, 'recall': 1.0, 'f1': 1.0, 'support': 29}, {'label': 1, 'precision': 1.0, 'recall': 1.0, 'f1': 1.0, 'support': 101}, {'label': 2, 'precision': 1.0, 'recall': 0.9947089947089947, 'f1': 0.9973474801061007, 'support': 189}, {'label': 3, 'precision': 0.9929328621908127, 'recall': 0.9964539007092199, 'f1': 0.9946902654867257, 'support': 282}, {'label': 4, 'precision': 0.9893617021276596, 'recall': 0.9893617021276596, 'f1': 0.9893617021276596, 'support': 188}]","[[29, 0, 0, 0, 0], [0, 101, 0, 0, 0], [0, 0, 188, 0, 1], [0, 0, 0, 281, 1], [0, 0, 0, 2, 186]]","{'accuracy': 0.9953551912568307, 'macro_f1': 0.9969437439625464, 'mae': 0.005191256830601093, 'quadratic_weighted_kappa': 0.9973811877781348}",0.41509860523602204
47,0.9961977186311787,0.990975788701394,0.9937297738978023,0.0038022813688212928,0.9983897663426471,"[{'label': 0, 'precision': 1.0, 'recall': 0.9655172413793104, 'f1': 0.9824561403508771, 'support': 29}, {'label': 1, 'precision': 0.9901960784313726, 'recall': 1.0, 'f1': 0.9950738916256158, 'support': 101}, {'label': 2, 'precision': 1.0, 'recall': 1.0, 'f1': 1.0, 'support': 189}, {'label': 3, 'precision': 0.9929577464788732, 'recall': 1.0, 'f1': 0.9964664310954063, 'support': 282}, {'label': 4, 'precision': 1.0, 'recall': 0.9893617021276596, 'f1': 0.9946524064171123, 'support': 188}]","[[28, 1, 0, 0, 0], [0, 101, 0, 0, 0], [0, 0, 189, 0, 0], [0, 0, 0, 282, 0], [0, 0, 0, 2, 186]]","{'accuracy': 0.9969262295081969, 'macro_f1': 0.996998186933227, 'mae': 0.003073770491803279, 'quadratic_weighted_kappa': 0.9987160665549213}",0.4075367275450771
48,0.9961977186311787,0.997517730496454,0.9973427463667095,0.0038022813688212928,0.9983966510531503,"[{'label': 0, 'precision': 1.0, 'recall': 1.0, 'f1': 1.0, 'support': 29}, {'label': 1, 'precision': 1.0, 'recall': 1.0, 'f1': 1.0, 'support': 101}, {'label': 2, 'precision': 0.9947368421052631, 'recall': 1.0, 'f1': 0.9973614775725593, 'support': 189}, {'label': 3, 'precision': 0.99644128113879, 'recall': 0.9929078014184397, 'f1': 0.9946714031971581, 'support': 282}, {'label': 4, 'precision': 0.9946808510638298, 'recall': 0.9946808510638298, 'f1': 0.9946808510638298, 'support': 188}]","[[29, 0, 0, 0, 0], [0, 101, 0, 0, 0], [0, 0, 189, 0, 0], [0, 0, 1, 280, 1], [0, 0, 0, 1, 187]]","{'accuracy': 0.9974954462659381, 'macro_f1': 0.9983550105870813, 'mae': 0.0025045537340619307, 'quadratic_weighted_kappa': 0.9989568686870456}",0.4044133526744045
49,0.9936628643852978,0.9946977372509288,0.9955730120391342,0.0063371356147021544,0.9973212666979469,"[{'label': 0, 'precision': 1.0, 'recall': 1.0, 'f1': 1.0, 'support': 29}, {'label': 1, 'precision': 1.0, 'recall': 1.0, 'f1': 1.0, 'support': 101}, {'label': 2, 'precision': 1.0, 'recall': 0.9841269841269841, 'f1': 0.992, 'support': 189}, {'label': 3, 'precision': 0.9825783972125436, 'recall': 1.0, 'f1': 0.9912126537785588, 'support': 282}, {'label': 4, 'precision': 1.0, 'recall': 0.9893617021276596, 'f1': 0.9946524064171123, 'support': 188}]","[[29, 0, 0, 0, 0], [0, 101, 0, 0, 0], [0, 0, 186, 3, 0], [0, 0, 0, 282, 0], [0, 0, 0, 2, 186]]","{'accuracy': 0.9951650058930677, 'macro_f1': 0.9966922751308577, 'mae': 0.0048349941069323905, 'quadratic_weighted_kappa': 0.9979808481457755}",0.40156646554460995
50,0.9936628643852978,0.9941247214893728,0.9949333465043395,0.0063371356147021544,0.9973212666979469,"[{'label': 0, 'precision': 1.0, 'recall': 1.0, 'f1': 1.0, 'support': 29}, {'label': 1, 'precision': 1.0, 'recall': 0.9900990099009901, 'f1': 0.9950248756218906, 'support': 101}, {'label': 2, 'precision': 0.9947089947089947, 'recall': 0.9947089947089947, 'f1': 0.9947089947089947, 'support': 189}, {'label': 3, 'precision': 0.9894366197183099, 'recall': 0.9964539007092199, 'f1': 0.9929328621908127, 'support': 282}, {'label': 4, 'precision': 0.9946524064171123, 'recall': 0.9893617021276596, 'f1': 0.992, 'support': 188}]","[[29, 0, 0, 0, 0], [0, 100, 1, 0, 0], [0, 0, 188, 1, 0], [0, 0, 0, 281, 1], [0, 0, 0, 2, 186]]","{'accuracy': 0.9934426229508198, 'macro_f1': 0.994935172430182, 'mae': 0.006557377049180327, 'quadratic_weighted_kappa': 0.9972607082680369}",0.40158361306057533
