experiment,experiment_name,seed,condition,accuracy,balanced_accuracy,macro_f1,mae,quadratic_weighted_kappa,per_class,confusion_matrix,patient_group_macro,macro_f1_drop,accuracy_drop,mae_increase
m_mb,M + MB,42,baseline,0.3864734299516908,0.26528138528138523,0.25266832344063356,0.8454106280193237,0.30534589441997895,"[{'label': 0, 'precision': 0.0, 'recall': 0.0, 'f1': 0.0, 'support': 7}, {'label': 1, 'precision': 0.3333333333333333, 'recall': 0.18181818181818182, 'f1': 0.23529411764705882, 'support': 22}, {'label': 2, 'precision': 0.18181818181818182, 'recall': 0.11428571428571428, 'f1': 0.14035087719298245, 'support': 35}, {'label': 3, 'precision': 0.25263157894736843, 'recall': 0.5454545454545454, 'f1': 0.34532374100719426, 'support': 44}, {'label': 4, 'precision': 0.6153846153846154, 'recall': 0.48484848484848486, 'f1': 0.5423728813559322, 'support': 99}]","[[0, 2, 1, 2, 2], [0, 4, 6, 7, 5], [0, 3, 4, 20, 8], [0, 1, 4, 24, 15], [0, 2, 7, 42, 48]]","{'accuracy': 0.4158730158730159, 'macro_f1': 0.28898907851670086, 'mae': 0.7843915343915345, 'quadratic_weighted_kappa': 0.33660174613834803}",0.0,0.0,0.0
m_mb,M + MB,42,ablate_M,0.2608695652173913,0.23415584415584415,0.18696008506492645,1.183574879227053,0.24827294622162166,"[{'label': 0, 'precision': 0.0, 'recall': 0.0, 'f1': 0.0, 'support': 7}, {'label': 1, 'precision': 0.17142857142857143, 'recall': 0.5454545454545454, 'f1': 0.2608695652173913, 'support': 22}, {'label': 2, 'precision': 0.09523809523809523, 'recall': 0.05714285714285714, 'f1': 0.07142857142857142, 'support': 35}, {'label': 3, 'precision': 0.18840579710144928, 'recall': 0.29545454545454547, 'f1': 0.23008849557522124, 'support': 44}, {'label': 4, 'precision': 0.5869565217391305, 'recall': 0.2727272727272727, 'f1': 0.3724137931034483, 'support': 99}]","[[0, 5, 1, 1, 0], [0, 12, 2, 8, 0], [1, 15, 2, 10, 7], [0, 13, 6, 13, 12], [0, 25, 10, 37, 27]]","{'accuracy': 0.23465608465608465, 'macro_f1': 0.16765498660667405, 'mae': 1.251058201058201, 'quadratic_weighted_kappa': 0.20216781901021508}",0.0657082383757071,0.12560386473429952,0.3381642512077294
m_mb,M + MB,42,ablate_MB,0.12560386473429952,0.18728715728715728,0.09302564102564104,1.8502415458937198,0.009173889227335197,"[{'label': 0, 'precision': 0.0, 'recall': 0.0, 'f1': 0.0, 'support': 7}, {'label': 1, 'precision': 0.0915032679738562, 'recall': 0.6363636363636364, 'f1': 0.16, 'support': 22}, {'label': 2, 'precision': 0.2, 'recall': 0.2571428571428571, 'f1': 0.225, 'support': 35}, {'label': 3, 'precision': 0.25, 'recall': 0.022727272727272728, 'f1': 0.041666666666666664, 'support': 44}, {'label': 4, 'precision': 0.4, 'recall': 0.020202020202020204, 'f1': 0.038461538461538464, 'support': 99}]","[[0, 6, 1, 0, 0], [0, 14, 8, 0, 0], [0, 26, 9, 0, 0], [0, 33, 7, 1, 3], [0, 74, 20, 3, 2]]","{'accuracy': 0.1201058201058201, 'macro_f1': 0.08694254079507845, 'mae': 1.8923280423280422, 'quadratic_weighted_kappa': 0.0050859381659547065}",0.15964268241499252,0.2608695652173913,1.0048309178743962
m_mb,M + MB,3407,baseline,0.4106280193236715,0.3096969696969697,0.29486115070111907,0.821256038647343,0.4181811181272139,"[{'label': 0, 'precision': 0.0, 'recall': 0.0, 'f1': 0.0, 'support': 7}, {'label': 1, 'precision': 0.32, 'recall': 0.36363636363636365, 'f1': 0.3404255319148936, 'support': 22}, {'label': 2, 'precision': 0.20588235294117646, 'recall': 0.2, 'f1': 0.2028985507246377, 'support': 35}, {'label': 3, 'precision': 0.3013698630136986, 'recall': 0.5, 'f1': 0.37606837606837606, 'support': 44}, {'label': 4, 'precision': 0.6486486486486487, 'recall': 0.48484848484848486, 'f1': 0.5549132947976878, 'support': 99}]","[[0, 3, 2, 1, 1], [0, 8, 8, 3, 3], [1, 7, 7, 10, 10], [0, 1, 9, 22, 12], [0, 6, 8, 37, 48]]","{'accuracy': 0.433068783068783, 'macro_f1': 0.328117748415807, 'mae': 0.7587301587301588, 'quadratic_weighted_kappa': 0.46271383628543394}",0.0,0.0,0.0
m_mb,M + MB,3407,ablate_M,0.28019323671497587,0.2964069264069264,0.22633485826610195,1.2028985507246377,0.23752969121140144,"[{'label': 0, 'precision': 0.16666666666666666, 'recall': 0.14285714285714285, 'f1': 0.15384615384615385, 'support': 7}, {'label': 1, 'precision': 0.19230769230769232, 'recall': 0.6818181818181818, 'f1': 0.3, 'support': 22}, {'label': 2, 'precision': 0.125, 'recall': 0.02857142857142857, 'f1': 0.046511627906976744, 'support': 35}, {'label': 3, 'precision': 0.23943661971830985, 'recall': 0.38636363636363635, 'f1': 0.2956521739130435, 'support': 44}, {'label': 4, 'precision': 0.5454545454545454, 'recall': 0.24242424242424243, 'f1': 0.3356643356643357, 'support': 99}]","[[1, 3, 0, 1, 2], [0, 15, 1, 3, 3], [2, 21, 1, 5, 6], [0, 15, 3, 17, 9], [3, 24, 3, 45, 24]]","{'accuracy': 0.27566137566137566, 'macro_f1': 0.22107734300680987, 'mae': 1.202910052910053, 'quadratic_weighted_kappa': 0.23157121067595643}",0.06852629243501712,0.13043478260869562,0.3816425120772947
m_mb,M + MB,3407,ablate_MB,0.05314009661835749,0.15137085137085135,0.03812706270627063,2.314009661835749,0.05453092318941599,"[{'label': 0, 'precision': 0.046153846153846156, 'recall': 0.42857142857142855, 'f1': 0.08333333333333333, 'support': 7}, {'label': 1, 'precision': 0.050724637681159424, 'recall': 0.3181818181818182, 'f1': 0.0875, 'support': 22}, {'label': 2, 'precision': 0.0, 'recall': 0.0, 'f1': 0.0, 'support': 35}, {'label': 3, 'precision': 0.0, 'recall': 0.0, 'f1': 0.0, 'support': 44}, {'label': 4, 'precision': 0.5, 'recall': 0.010101010101010102, 'f1': 0.019801980198019802, 'support': 99}]","[[3, 4, 0, 0, 0], [15, 7, 0, 0, 0], [17, 18, 0, 0, 0], [8, 34, 1, 0, 1], [22, 75, 0, 1, 1]]","{'accuracy': 0.052910052910052914, 'macro_f1': 0.034582824709928614, 'mae': 2.3325396825396827, 'quadratic_weighted_kappa': 0.042054574053056015}",0.2567340879948484,0.357487922705314,1.4927536231884058
m_mb,M + MB,2026,baseline,0.357487922705314,0.32317460317460317,0.2829805996472663,0.8357487922705314,0.37441766586294556,"[{'label': 0, 'precision': 0.0, 'recall': 0.0, 'f1': 0.0, 'support': 7}, {'label': 1, 'precision': 0.43478260869565216, 'recall': 0.45454545454545453, 'f1': 0.4444444444444444, 'support': 22}, {'label': 2, 'precision': 0.2857142857142857, 'recall': 0.17142857142857143, 'f1': 0.21428571428571427, 'support': 35}, {'label': 3, 'precision': 0.2711864406779661, 'recall': 0.7272727272727273, 'f1': 0.3950617283950617, 'support': 44}, {'label': 4, 'precision': 0.5777777777777777, 'recall': 0.26262626262626265, 'f1': 0.3611111111111111, 'support': 99}]","[[0, 2, 2, 2, 1], [0, 10, 4, 3, 5], [0, 7, 6, 15, 7], [0, 2, 4, 32, 6], [0, 2, 5, 66, 26]]","{'accuracy': 0.39259259259259266, 'macro_f1': 0.3171426455113728, 'mae': 0.7793650793650794, 'quadratic_weighted_kappa': 0.40021318643023096}",0.0,0.0,0.0
m_mb,M + MB,2026,ablate_M,0.25120772946859904,0.2600432900432901,0.20595882804934532,1.3429951690821256,0.1185530085959885,"[{'label': 0, 'precision': 0.0, 'recall': 0.0, 'f1': 0.0, 'support': 7}, {'label': 1, 'precision': 0.17391304347826086, 'recall': 0.5454545454545454, 'f1': 0.26373626373626374, 'support': 22}, {'label': 2, 'precision': 0.2608695652173913, 'recall': 0.17142857142857143, 'f1': 0.20689655172413793, 'support': 35}, {'label': 3, 'precision': 0.2602739726027397, 'recall': 0.4318181818181818, 'f1': 0.3247863247863248, 'support': 44}, {'label': 4, 'precision': 0.5172413793103449, 'recall': 0.15151515151515152, 'f1': 0.234375, 'support': 99}]","[[0, 2, 2, 0, 3], [2, 12, 2, 3, 3], [3, 15, 6, 9, 2], [2, 13, 4, 19, 6], [6, 27, 9, 42, 15]]","{'accuracy': 0.24444444444444446, 'macro_f1': 0.19848576379274202, 'mae': 1.3082010582010581, 'quadratic_weighted_kappa': 0.1380988199371913}",0.07702177159792098,0.10628019323671495,0.5072463768115941
m_mb,M + MB,2026,ablate_MB,0.1642512077294686,0.22929292929292927,0.09396965865992415,1.8647342995169083,0.06292011523160634,"[{'label': 0, 'precision': 0.0, 'recall': 0.0, 'f1': 0.0, 'support': 7}, {'label': 1, 'precision': 0.11702127659574468, 'recall': 1.0, 'f1': 0.20952380952380953, 'support': 22}, {'label': 2, 'precision': 0.0, 'recall': 0.0, 'f1': 0.0, 'support': 35}, {'label': 3, 'precision': 0.5, 'recall': 0.045454545454545456, 'f1': 0.08333333333333333, 'support': 44}, {'label': 4, 'precision': 0.7142857142857143, 'recall': 0.10101010101010101, 'f1': 0.17699115044247787, 'support': 99}]","[[0, 7, 0, 0, 0], [0, 22, 0, 0, 0], [0, 35, 0, 0, 0], [0, 38, 0, 2, 4], [1, 86, 0, 2, 10]]","{'accuracy': 0.16666666666666666, 'macro_f1': 0.09544583763747834, 'mae': 1.9055555555555552, 'quadratic_weighted_kappa': 0.05632851592415555}",0.18901094098734214,0.19323671497584538,1.028985507246377
m_mr_mb,M + MR + MB,42,baseline,0.3719806763285024,0.33359307359307355,0.3093346379647749,0.8405797101449275,0.364157752287666,"[{'label': 0, 'precision': 0.0, 'recall': 0.0, 'f1': 0.0, 'support': 7}, {'label': 1, 'precision': 0.5, 'recall': 0.5, 'f1': 0.5, 'support': 22}, {'label': 2, 'precision': 0.38095238095238093, 'recall': 0.22857142857142856, 'f1': 0.2857142857142857, 'support': 35}, {'label': 3, 'precision': 0.2413793103448276, 'recall': 0.6363636363636364, 'f1': 0.35, 'support': 44}, {'label': 4, 'precision': 0.6382978723404256, 'recall': 0.30303030303030304, 'f1': 0.410958904109589, 'support': 99}]","[[0, 1, 0, 5, 1], [0, 11, 1, 6, 4], [1, 6, 8, 13, 7], [0, 4, 7, 28, 5], [0, 0, 5, 64, 30]]","{'accuracy': 0.37354497354497357, 'macro_f1': 0.3244048912955882, 'mae': 0.7825396825396825, 'quadratic_weighted_kappa': 0.43979339898402237}",0.0,0.0,0.0
m_mr_mb,M + MR + MB,42,ablate_M,0.4057971014492754,0.3317027417027417,0.3080542843008862,0.9082125603864735,0.39108383628341037,"[{'label': 0, 'precision': 0.0, 'recall': 0.0, 'f1': 0.0, 'support': 7}, {'label': 1, 'precision': 0.34285714285714286, 'recall': 0.5454545454545454, 'f1': 0.42105263157894735, 'support': 22}, {'label': 2, 'precision': 0.2608695652173913, 'recall': 0.34285714285714286, 'f1': 0.2962962962962963, 'support': 35}, {'label': 3, 'precision': 0.2653061224489796, 'recall': 0.29545454545454547, 'f1': 0.27956989247311825, 'support': 44}, {'label': 4, 'precision': 0.6351351351351351, 'recall': 0.47474747474747475, 'f1': 0.5433526011560693, 'support': 99}]","[[0, 1, 3, 2, 1], [2, 12, 3, 2, 3], [1, 9, 12, 6, 7], [0, 6, 9, 13, 16], [0, 7, 19, 26, 47]]","{'accuracy': 0.40661375661375665, 'macro_f1': 0.3175748622433618, 'mae': 0.865873015873016, 'quadratic_weighted_kappa': 0.42573196181118256}",0.001280353663888678,-0.033816425120772986,0.06763285024154597
m_mr_mb,M + MR + MB,42,ablate_MR,0.1111111111111111,0.20454545454545453,0.047633705271258174,2.0483091787439616,0.0018344776979926092,"[{'label': 0, 'precision': 0.0, 'recall': 0.0, 'f1': 0.0, 'support': 7}, {'label': 1, 'precision': 0.10784313725490197, 'recall': 1.0, 'f1': 0.19469026548672566, 'support': 22}, {'label': 2, 'precision': 0.0, 'recall': 0.0, 'f1': 0.0, 'support': 35}, {'label': 3, 'precision': 0.5, 'recall': 0.022727272727272728, 'f1': 0.043478260869565216, 'support': 44}, {'label': 4, 'precision': 0.0, 'recall': 0.0, 'f1': 0.0, 'support': 99}]","[[0, 7, 0, 0, 0], [0, 22, 0, 0, 0], [0, 35, 0, 0, 0], [0, 43, 0, 1, 0], [1, 97, 0, 1, 0]]","{'accuracy': 0.11164021164021165, 'macro_f1': 0.04508624348651411, 'mae': 2.105555555555555, 'quadratic_weighted_kappa': -0.003370108472812383}",0.26170093269351674,0.2608695652173913,1.207729468599034
m_mr_mb,M + MR + MB,42,ablate_MB,0.2946859903381642,0.2893650793650794,0.22720765776666396,0.9565217391304348,0.34042267309058105,"[{'label': 0, 'precision': 0.0, 'recall': 0.0, 'f1': 0.0, 'support': 7}, {'label': 1, 'precision': 0.3023255813953488, 'recall': 0.5909090909090909, 'f1': 0.4, 'support': 22}, {'label': 2, 'precision': 0.21428571428571427, 'recall': 0.08571428571428572, 'f1': 0.12244897959183673, 'support': 35}, {'label': 3, 'precision': 0.21367521367521367, 'recall': 0.5681818181818182, 'f1': 0.3105590062111801, 'support': 44}, {'label': 4, 'precision': 0.6060606060606061, 'recall': 0.20202020202020202, 'f1': 0.30303030303030304, 'support': 99}]","[[0, 3, 0, 4, 0], [0, 13, 2, 6, 1], [0, 10, 3, 17, 5], [0, 7, 5, 25, 7], [0, 10, 4, 65, 20]]","{'accuracy': 0.3097883597883598, 'macro_f1': 0.24132060959418583, 'mae': 0.9171957671957673, 'quadratic_weighted_kappa': 0.3553003491603526}",0.08212698019811093,0.07729468599033817,0.11594202898550732
m_mr_mb,M + MR + MB,3407,baseline,0.3140096618357488,0.2836507936507936,0.23001544904091326,0.8260869565217391,0.4358660909549711,"[{'label': 0, 'precision': 0.0, 'recall': 0.0, 'f1': 0.0, 'support': 7}, {'label': 1, 'precision': 0.4, 'recall': 0.36363636363636365, 'f1': 0.38095238095238093, 'support': 22}, {'label': 2, 'precision': 0.14285714285714285, 'recall': 0.05714285714285714, 'f1': 0.08163265306122448, 'support': 35}, {'label': 3, 'precision': 0.25547445255474455, 'recall': 0.7954545454545454, 'f1': 0.3867403314917127, 'support': 44}, {'label': 4, 'precision': 0.5882352941176471, 'recall': 0.20202020202020202, 'f1': 0.3007518796992481, 'support': 99}]","[[0, 2, 2, 2, 1], [2, 8, 5, 5, 2], [0, 8, 2, 19, 6], [0, 2, 2, 35, 5], [0, 0, 3, 76, 20]]","{'accuracy': 0.369047619047619, 'macro_f1': 0.2688393390143866, 'mae': 0.7473544973544974, 'quadratic_weighted_kappa': 0.4721084861221826}",0.0,0.0,0.0
m_mr_mb,M + MR + MB,3407,ablate_M,0.2222222222222222,0.26152958152958156,0.20209233520170872,1.0289855072463767,0.3014991836128842,"[{'label': 0, 'precision': 0.14285714285714285, 'recall': 0.14285714285714285, 'f1': 0.14285714285714285, 'support': 7}, {'label': 1, 'precision': 0.3076923076923077, 'recall': 0.36363636363636365, 'f1': 0.3333333333333333, 'support': 22}, {'label': 2, 'precision': 0.16666666666666666, 'recall': 0.11428571428571428, 'f1': 0.13559322033898305, 'support': 35}, {'label': 3, 'precision': 0.20437956204379562, 'recall': 0.6363636363636364, 'f1': 0.30939226519337015, 'support': 44}, {'label': 4, 'precision': 0.38461538461538464, 'recall': 0.050505050505050504, 'f1': 0.08928571428571429, 'support': 99}]","[[1, 1, 2, 3, 0], [3, 8, 3, 7, 1], [1, 6, 4, 20, 4], [1, 7, 5, 28, 3], [1, 4, 10, 79, 5]]","{'accuracy': 0.24417989417989416, 'macro_f1': 0.21149856899406325, 'mae': 0.9706349206349209, 'quadratic_weighted_kappa': 0.3341167495891272}",0.02792311383920454,0.09178743961352659,0.20289855072463758
m_mr_mb,M + MR + MB,3407,ablate_MR,0.0966183574879227,0.18181818181818182,0.03571428571428571,2.0917874396135265,-0.03463865405097244,"[{'label': 0, 'precision': 0.0, 'recall': 0.0, 'f1': 0.0, 'support': 7}, {'label': 1, 'precision': 0.09900990099009901, 'recall': 0.9090909090909091, 'f1': 0.17857142857142858, 'support': 22}, {'label': 2, 'precision': 0.0, 'recall': 0.0, 'f1': 0.0, 'support': 35}, {'label': 3, 'precision': 0.0, 'recall': 0.0, 'f1': 0.0, 'support': 44}, {'label': 4, 'precision': 0.0, 'recall': 0.0, 'f1': 0.0, 'support': 99}]","[[0, 6, 0, 0, 1], [0, 20, 0, 1, 1], [0, 35, 0, 0, 0], [0, 42, 0, 0, 2], [0, 99, 0, 0, 0]]","{'accuracy': 0.0978835978835979, 'macro_f1': 0.03609756097560975, 'mae': 2.1288359788359785, 'quadratic_weighted_kappa': -0.031694017050254875}",0.19430116332662756,0.2173913043478261,1.2657004830917873
m_mr_mb,M + MR + MB,3407,ablate_MB,0.2560386473429952,0.2764069264069264,0.21898659138581475,1.285024154589372,0.2745610539393797,"[{'label': 0, 'precision': 0.07142857142857142, 'recall': 0.42857142857142855, 'f1': 0.12244897959183673, 'support': 7}, {'label': 1, 'precision': 0.17391304347826086, 'recall': 0.18181818181818182, 'f1': 0.17777777777777778, 'support': 22}, {'label': 2, 'precision': 0.1388888888888889, 'recall': 0.14285714285714285, 'f1': 0.14084507042253522, 'support': 35}, {'label': 3, 'precision': 0.23943661971830985, 'recall': 0.38636363636363635, 'f1': 0.2956521739130435, 'support': 44}, {'label': 4, 'precision': 0.6857142857142857, 'recall': 0.24242424242424243, 'f1': 0.3582089552238806, 'support': 99}]","[[3, 0, 2, 2, 0], [11, 4, 3, 3, 1], [8, 7, 5, 10, 5], [8, 5, 9, 17, 5], [12, 7, 17, 39, 24]]","{'accuracy': 0.28835978835978837, 'macro_f1': 0.24527391930668213, 'mae': 1.1767195767195766, 'quadratic_weighted_kappa': 0.3191317512321856}",0.011028857655098506,0.0579710144927536,0.4589371980676328
m_mr_mb,M + MR + MB,2026,baseline,0.42028985507246375,0.30414141414141416,0.30089111632825516,0.7971014492753623,0.4028660938614721,"[{'label': 0, 'precision': 0.0, 'recall': 0.0, 'f1': 0.0, 'support': 7}, {'label': 1, 'precision': 0.3888888888888889, 'recall': 0.3181818181818182, 'f1': 0.35, 'support': 22}, {'label': 2, 'precision': 0.3684210526315789, 'recall': 0.2, 'f1': 0.25925925925925924, 'support': 35}, {'label': 3, 'precision': 0.2413793103448276, 'recall': 0.4772727272727273, 'f1': 0.32061068702290074, 'support': 44}, {'label': 4, 'precision': 0.6341463414634146, 'recall': 0.5252525252525253, 'f1': 0.574585635359116, 'support': 99}]","[[0, 2, 1, 3, 1], [1, 7, 2, 8, 4], [0, 5, 7, 15, 8], [0, 2, 4, 21, 17], [0, 2, 5, 40, 52]]","{'accuracy': 0.44788359788359783, 'macro_f1': 0.33542913253998796, 'mae': 0.7346560846560847, 'quadratic_weighted_kappa': 0.4398802275343221}",0.0,0.0,0.0
m_mr_mb,M + MR + MB,2026,ablate_M,0.42995169082125606,0.32147186147186146,0.3044801828777488,0.7777777777777778,0.48100517650647767,"[{'label': 0, 'precision': 0.0, 'recall': 0.0, 'f1': 0.0, 'support': 7}, {'label': 1, 'precision': 0.27586206896551724, 'recall': 0.36363636363636365, 'f1': 0.3137254901960784, 'support': 22}, {'label': 2, 'precision': 0.21621621621621623, 'recall': 0.22857142857142856, 'f1': 0.2222222222222222, 'support': 35}, {'label': 3, 'precision': 0.3055555555555556, 'recall': 0.5, 'f1': 0.3793103448275862, 'support': 44}, {'label': 4, 'precision': 0.7391304347826086, 'recall': 0.5151515151515151, 'f1': 0.6071428571428571, 'support': 99}]","[[0, 2, 4, 0, 1], [0, 8, 7, 5, 2], [0, 11, 8, 11, 5], [0, 5, 7, 22, 10], [0, 3, 11, 34, 51]]","{'accuracy': 0.43227513227513226, 'macro_f1': 0.31394612219463697, 'mae': 0.7542328042328045, 'quadratic_weighted_kappa': 0.4826637891711776}",-0.003589066549493647,-0.009661835748792313,-0.019323671497584516
m_mr_mb,M + MR + MB,2026,ablate_MR,0.21256038647342995,0.2238961038961039,0.1600219444823761,1.7198067632850242,0.020241691842900367,"[{'label': 0, 'precision': 0.0, 'recall': 0.0, 'f1': 0.0, 'support': 7}, {'label': 1, 'precision': 0.1282051282051282, 'recall': 0.6818181818181818, 'f1': 0.2158273381294964, 'support': 22}, {'label': 2, 'precision': 0.14285714285714285, 'recall': 0.02857142857142857, 'f1': 0.047619047619047616, 'support': 35}, {'label': 3, 'precision': 0.30303030303030304, 'recall': 0.22727272727272727, 'f1': 0.2597402597402597, 'support': 44}, {'label': 4, 'precision': 0.5806451612903226, 'recall': 0.18181818181818182, 'f1': 0.27692307692307694, 'support': 99}]","[[0, 5, 0, 0, 2], [1, 15, 0, 1, 5], [2, 23, 1, 5, 4], [4, 26, 2, 10, 2], [12, 48, 4, 17, 18]]","{'accuracy': 0.23042328042328047, 'macro_f1': 0.16711506832507192, 'mae': 1.6563492063492062, 'quadratic_weighted_kappa': 0.0609440300745866}",0.14086917184587905,0.2077294685990338,0.9227053140096619
m_mr_mb,M + MR + MB,2026,ablate_MB,0.3526570048309179,0.3078932178932179,0.24587153922026062,1.0917874396135265,0.3258684464458025,"[{'label': 0, 'precision': 0.0, 'recall': 0.0, 'f1': 0.0, 'support': 7}, {'label': 1, 'precision': 0.2463768115942029, 'recall': 0.7727272727272727, 'f1': 0.37362637362637363, 'support': 22}, {'label': 2, 'precision': 0.2857142857142857, 'recall': 0.05714285714285714, 'f1': 0.09523809523809523, 'support': 35}, {'label': 3, 'precision': 0.22807017543859648, 'recall': 0.29545454545454547, 'f1': 0.25742574257425743, 'support': 44}, {'label': 4, 'precision': 0.640625, 'recall': 0.41414141414141414, 'f1': 0.5030674846625767, 'support': 99}]","[[0, 5, 0, 2, 0], [0, 17, 1, 2, 2], [4, 14, 2, 8, 7], [2, 13, 2, 13, 14], [4, 20, 2, 32, 41]]","{'accuracy': 0.38915343915343914, 'macro_f1': 0.26931662688008257, 'mae': 1.025925925925926, 'quadratic_weighted_kappa': 0.3411971897562782}",0.055019577107994544,0.06763285024154586,0.2946859903381642
all_channels,All channels,42,baseline,0.30434782608695654,0.2476046176046176,0.2243977469160549,0.9033816425120773,0.3897563154498983,"[{'label': 0, 'precision': 0.0, 'recall': 0.0, 'f1': 0.0, 'support': 7}, {'label': 1, 'precision': 0.2857142857142857, 'recall': 0.2727272727272727, 'f1': 0.27906976744186046, 'support': 22}, {'label': 2, 'precision': 0.16666666666666666, 'recall': 0.11428571428571428, 'f1': 0.13559322033898305, 'support': 35}, {'label': 3, 'precision': 0.23148148148148148, 'recall': 0.5681818181818182, 'f1': 0.32894736842105265, 'support': 44}, {'label': 4, 'precision': 0.5714285714285714, 'recall': 0.2828282828282828, 'f1': 0.3783783783783784, 'support': 99}]","[[0, 2, 2, 2, 1], [3, 6, 4, 5, 4], [1, 10, 4, 13, 7], [1, 1, 8, 25, 9], [0, 2, 6, 63, 28]]","{'accuracy': 0.335978835978836, 'macro_f1': 0.2506241239915566, 'mae': 0.8174603174603176, 'quadratic_weighted_kappa': 0.44934015909487757}",0.0,0.0,0.0
all_channels,All channels,42,ablate_M,0.40096618357487923,0.27487734487734483,0.2772394141907548,0.9323671497584541,0.339600752421754,"[{'label': 0, 'precision': 0.0, 'recall': 0.0, 'f1': 0.0, 'support': 7}, {'label': 1, 'precision': 0.3888888888888889, 'recall': 0.3181818181818182, 'f1': 0.35, 'support': 22}, {'label': 2, 'precision': 0.2222222222222222, 'recall': 0.11428571428571428, 'f1': 0.1509433962264151, 'support': 35}, {'label': 3, 'precision': 0.2537313432835821, 'recall': 0.38636363636363635, 'f1': 0.3063063063063063, 'support': 44}, {'label': 4, 'precision': 0.6043956043956044, 'recall': 0.5555555555555556, 'f1': 0.5789473684210527, 'support': 99}]","[[0, 2, 2, 2, 1], [3, 7, 1, 6, 5], [4, 5, 4, 12, 10], [2, 1, 4, 17, 20], [4, 3, 7, 30, 55]]","{'accuracy': 0.4052910052910053, 'macro_f1': 0.2880566882975376, 'mae': 0.9047619047619049, 'quadratic_weighted_kappa': 0.31910789129716954}",-0.05284166727469991,-0.09661835748792269,0.02898550724637683
all_channels,All channels,42,ablate_MB,0.3285024154589372,0.2995670995670996,0.25580574691165525,1.1497584541062802,0.3485254691689009,"[{'label': 0, 'precision': 0.045454545454545456, 'recall': 0.2857142857142857, 'f1': 0.0784313725490196, 'support': 7}, {'label': 1, 'precision': 0.42857142857142855, 'recall': 0.4090909090909091, 'f1': 0.4186046511627907, 'support': 22}, {'label': 2, 'precision': 0.0, 'recall': 0.0, 'f1': 0.0, 'support': 35}, {'label': 3, 'precision': 0.23376623376623376, 'recall': 0.4090909090909091, 'f1': 0.2975206611570248, 'support': 44}, {'label': 4, 'precision': 0.6290322580645161, 'recall': 0.3939393939393939, 'f1': 0.484472049689441, 'support': 99}]","[[2, 2, 0, 2, 1], [6, 9, 0, 5, 2], [16, 5, 0, 7, 7], [9, 2, 2, 18, 13], [11, 3, 1, 45, 39]]","{'accuracy': 0.31534391534391537, 'macro_f1': 0.2516858921881016, 'mae': 1.162962962962963, 'quadratic_weighted_kappa': 0.3305288396425943}",-0.031407999995600344,-0.024154589371980673,0.24637681159420288
all_channels,All channels,42,ablate_MP,0.36231884057971014,0.27724386724386724,0.2646539040156061,0.8357487922705314,0.3817455814501194,"[{'label': 0, 'precision': 0.0, 'recall': 0.0, 'f1': 0.0, 'support': 7}, {'label': 1, 'precision': 0.47058823529411764, 'recall': 0.36363636363636365, 'f1': 0.41025641025641024, 'support': 22}, {'label': 2, 'precision': 0.25, 'recall': 0.08571428571428572, 'f1': 0.1276595744680851, 'support': 35}, {'label': 3, 'precision': 0.23, 'recall': 0.5227272727272727, 'f1': 0.3194444444444444, 'support': 44}, {'label': 4, 'precision': 0.5324675324675324, 'recall': 0.41414141414141414, 'f1': 0.4659090909090909, 'support': 99}]","[[0, 3, 0, 2, 2], [0, 8, 4, 7, 3], [1, 5, 3, 13, 13], [0, 0, 3, 23, 18], [0, 1, 2, 55, 41]]","{'accuracy': 0.40634920634920635, 'macro_f1': 0.3027332744014378, 'mae': 0.7462962962962963, 'quadratic_weighted_kappa': 0.44208776745196665}",-0.040256157099551215,-0.0579710144927536,-0.06763285024154586
all_channels,All channels,42,ablate_MR,0.27053140096618356,0.2126984126984127,0.20070350832601286,1.3043478260869565,0.16496875384594356,"[{'label': 0, 'precision': 0.0, 'recall': 0.0, 'f1': 0.0, 'support': 7}, {'label': 1, 'precision': 0.09090909090909091, 'recall': 0.2727272727272727, 'f1': 0.13636363636363635, 'support': 22}, {'label': 2, 'precision': 0.19230769230769232, 'recall': 0.2857142857142857, 'f1': 0.22988505747126436, 'support': 35}, {'label': 3, 'precision': 0.26666666666666666, 'recall': 0.18181818181818182, 'f1': 0.21621621621621623, 'support': 44}, {'label': 4, 'precision': 0.6037735849056604, 'recall': 0.32323232323232326, 'f1': 0.42105263157894735, 'support': 99}]","[[0, 4, 2, 0, 1], [2, 6, 8, 1, 5], [1, 15, 10, 3, 6], [1, 15, 11, 8, 9], [2, 26, 21, 18, 32]]","{'accuracy': 0.3055555555555556, 'macro_f1': 0.2233007110810959, 'mae': 1.2285714285714286, 'quadratic_weighted_kappa': 0.21815721820833067}",0.02369423859004205,0.033816425120772986,0.40096618357487923
all_channels,All channels,42,ablate_MUV,0.30434782608695654,0.2709379509379509,0.2187585836090819,1.1014492753623188,0.26562780671816066,"[{'label': 0, 'precision': 0.07142857142857142, 'recall': 0.2857142857142857, 'f1': 0.11428571428571428, 'support': 7}, {'label': 1, 'precision': 0.2727272727272727, 'recall': 0.13636363636363635, 'f1': 0.18181818181818182, 'support': 22}, {'label': 2, 'precision': 0.125, 'recall': 0.02857142857142857, 'f1': 0.046511627906976744, 'support': 35}, {'label': 3, 'precision': 0.2524271844660194, 'recall': 0.5909090909090909, 'f1': 0.35374149659863946, 'support': 44}, {'label': 4, 'precision': 0.543859649122807, 'recall': 0.31313131313131315, 'f1': 0.3974358974358974, 'support': 99}]","[[2, 2, 0, 3, 0], [3, 3, 4, 10, 2], [8, 5, 1, 6, 15], [6, 0, 3, 26, 9], [9, 1, 0, 58, 31]]","{'accuracy': 0.3267195767195767, 'macro_f1': 0.236254781774083, 'mae': 1.011111111111111, 'quadratic_weighted_kappa': 0.27487370311629833}",0.005639163306973005,0.0,0.19806763285024154
all_channels,All channels,3407,baseline,0.40096618357487923,0.29079365079365077,0.28376567876567876,0.8164251207729468,0.4474613243018283,"[{'label': 0, 'precision': 0.0, 'recall': 0.0, 'f1': 0.0, 'support': 7}, {'label': 1, 'precision': 0.2222222222222222, 'recall': 0.18181818181818182, 'f1': 0.2, 'support': 22}, {'label': 2, 'precision': 0.34285714285714286, 'recall': 0.34285714285714286, 'f1': 0.34285714285714286, 'support': 35}, {'label': 3, 'precision': 0.273972602739726, 'recall': 0.45454545454545453, 'f1': 0.3418803418803419, 'support': 44}, {'label': 4, 'precision': 0.6103896103896104, 'recall': 0.47474747474747475, 'f1': 0.5340909090909091, 'support': 99}]","[[0, 4, 1, 1, 1], [3, 4, 5, 7, 3], [0, 8, 12, 3, 12], [1, 0, 9, 20, 14], [0, 2, 8, 42, 47]]","{'accuracy': 0.3830687830687831, 'macro_f1': 0.2790063106175585, 'mae': 0.8021164021164022, 'quadratic_weighted_kappa': 0.45173128479925395}",0.0,0.0,0.0
all_channels,All channels,3407,ablate_M,0.391304347826087,0.3261471861471862,0.29901555899379384,0.8647342995169082,0.4672953602414184,"[{'label': 0, 'precision': 0.0, 'recall': 0.0, 'f1': 0.0, 'support': 7}, {'label': 1, 'precision': 0.28205128205128205, 'recall': 0.5, 'f1': 0.36065573770491804, 'support': 22}, {'label': 2, 'precision': 0.2553191489361702, 'recall': 0.34285714285714286, 'f1': 0.2926829268292683, 'support': 35}, {'label': 3, 'precision': 0.2857142857142857, 'recall': 0.36363636363636365, 'f1': 0.32, 'support': 44}, {'label': 4, 'precision': 0.6774193548387096, 'recall': 0.42424242424242425, 'f1': 0.5217391304347826, 'support': 99}]","[[0, 4, 1, 1, 1], [3, 11, 4, 2, 2], [0, 13, 12, 3, 7], [0, 6, 12, 16, 10], [0, 5, 18, 34, 42]]","{'accuracy': 0.4076719576719577, 'macro_f1': 0.3248179105430388, 'mae': 0.8211640211640213, 'quadratic_weighted_kappa': 0.4749247965187249}",-0.015249880228115076,0.009661835748792258,0.048309178743961345
all_channels,All channels,3407,ablate_MB,0.37681159420289856,0.3070562770562771,0.29211337868480725,1.0048309178743962,0.34140741074242487,"[{'label': 0, 'precision': 0.1111111111111111, 'recall': 0.2857142857142857, 'f1': 0.16, 'support': 7}, {'label': 1, 'precision': 0.2777777777777778, 'recall': 0.22727272727272727, 'f1': 0.25, 'support': 22}, {'label': 2, 'precision': 0.32142857142857145, 'recall': 0.2571428571428571, 'f1': 0.2857142857142857, 'support': 35}, {'label': 3, 'precision': 0.2391304347826087, 'recall': 0.25, 'f1': 0.24444444444444444, 'support': 44}, {'label': 4, 'precision': 0.5257731958762887, 'recall': 0.5151515151515151, 'f1': 0.5204081632653061, 'support': 99}]","[[2, 2, 0, 0, 3], [5, 5, 2, 1, 9], [8, 3, 9, 3, 12], [2, 2, 7, 11, 22], [1, 6, 10, 31, 51]]","{'accuracy': 0.36878306878306877, 'macro_f1': 0.29373314311285204, 'mae': 1.0055555555555558, 'quadratic_weighted_kappa': 0.3235190097259064}",-0.008347699919128482,0.024154589371980673,0.18840579710144933
all_channels,All channels,3407,ablate_MP,0.463768115942029,0.29313131313131313,0.26926451212896224,0.8599033816425121,0.40807067431346555,"[{'label': 0, 'precision': 0.15384615384615385, 'recall': 0.2857142857142857, 'f1': 0.2, 'support': 7}, {'label': 1, 'precision': 0.375, 'recall': 0.13636363636363635, 'f1': 0.2, 'support': 22}, {'label': 2, 'precision': 0.25, 'recall': 0.11428571428571428, 'f1': 0.1568627450980392, 'support': 35}, {'label': 3, 'precision': 0.25, 'recall': 0.09090909090909091, 'f1': 0.13333333333333333, 'support': 44}, {'label': 4, 'precision': 0.538961038961039, 'recall': 0.8383838383838383, 'f1': 0.6561264822134387, 'support': 99}]","[[2, 2, 0, 0, 3], [5, 3, 3, 1, 10], [4, 3, 4, 1, 23], [1, 0, 4, 4, 35], [1, 0, 5, 10, 83]]","{'accuracy': 0.4687830687830687, 'macro_f1': 0.2767184603176072, 'mae': 0.8055555555555556, 'quadratic_weighted_kappa': 0.413062844772802}",0.014501166636716523,-0.06280193236714976,0.0434782608695653
all_channels,All channels,3407,ablate_MR,0.28502415458937197,0.1946031746031746,0.1734644649506233,1.0289855072463767,0.24666080594390716,"[{'label': 0, 'precision': 0.0, 'recall': 0.0, 'f1': 0.0, 'support': 7}, {'label': 1, 'precision': 0.13043478260869565, 'recall': 0.13636363636363635, 'f1': 0.13333333333333333, 'support': 22}, {'label': 2, 'precision': 0.2, 'recall': 0.02857142857142857, 'f1': 0.05, 'support': 35}, {'label': 3, 'precision': 0.20408163265306123, 'recall': 0.45454545454545453, 'f1': 0.28169014084507044, 'support': 44}, {'label': 4, 'precision': 0.4666666666666667, 'recall': 0.35353535353535354, 'f1': 0.40229885057471265, 'support': 99}]","[[0, 3, 0, 2, 2], [2, 3, 1, 11, 5], [2, 10, 1, 8, 14], [1, 3, 1, 20, 19], [1, 4, 2, 57, 35]]","{'accuracy': 0.2806878306878307, 'macro_f1': 0.1763710283167555, 'mae': 1.0301587301587303, 'quadratic_weighted_kappa': 0.22428562214103331}",0.11030121381505548,0.11594202898550726,0.2125603864734299
all_channels,All channels,3407,ablate_MUV,0.28019323671497587,0.19634920634920636,0.1862741398446171,1.0821256038647342,0.21768127755752342,"[{'label': 0, 'precision': 0.0, 'recall': 0.0, 'f1': 0.0, 'support': 7}, {'label': 1, 'precision': 0.08333333333333333, 'recall': 0.045454545454545456, 'f1': 0.058823529411764705, 'support': 22}, {'label': 2, 'precision': 0.18461538461538463, 'recall': 0.34285714285714286, 'f1': 0.24, 'support': 35}, {'label': 3, 'precision': 0.1774193548387097, 'recall': 0.25, 'f1': 0.20754716981132076, 'support': 44}, {'label': 4, 'precision': 0.5573770491803278, 'recall': 0.3434343434343434, 'f1': 0.425, 'support': 99}]","[[0, 3, 1, 1, 2], [2, 1, 7, 12, 0], [1, 6, 12, 7, 9], [2, 0, 15, 11, 16], [2, 2, 30, 31, 34]]","{'accuracy': 0.2894179894179894, 'macro_f1': 0.18390677525166824, 'mae': 1.0449735449735449, 'quadratic_weighted_kappa': 0.2122723979230775}",0.09749153892106166,0.12077294685990336,0.2657004830917874
all_channels,All channels,2026,baseline,0.42995169082125606,0.3018037518037518,0.28441020984665055,0.7729468599033816,0.5018676819194023,"[{'label': 0, 'precision': 0.0, 'recall': 0.0, 'f1': 0.0, 'support': 7}, {'label': 1, 'precision': 0.29411764705882354, 'recall': 0.45454545454545453, 'f1': 0.35714285714285715, 'support': 22}, {'label': 2, 'precision': 0.20833333333333334, 'recall': 0.14285714285714285, 'f1': 0.1694915254237288, 'support': 35}, {'label': 3, 'precision': 0.23214285714285715, 'recall': 0.29545454545454547, 'f1': 0.26, 'support': 44}, {'label': 4, 'precision': 0.6559139784946236, 'recall': 0.6161616161616161, 'f1': 0.6354166666666666, 'support': 99}]","[[0, 4, 0, 2, 1], [0, 10, 5, 4, 3], [0, 13, 5, 9, 8], [0, 3, 8, 13, 20], [0, 4, 6, 28, 61]]","{'accuracy': 0.4664021164021164, 'macro_f1': 0.32555376122476176, 'mae': 0.6989417989417989, 'quadratic_weighted_kappa': 0.5396079995648468}",0.0,0.0,0.0
all_channels,All channels,2026,ablate_M,0.41545893719806765,0.33343434343434347,0.2906909853466577,0.9951690821256038,0.3325490196078431,"[{'label': 0, 'precision': 0.0, 'recall': 0.0, 'f1': 0.0, 'support': 7}, {'label': 1, 'precision': 0.24193548387096775, 'recall': 0.6818181818181818, 'f1': 0.35714285714285715, 'support': 22}, {'label': 2, 'precision': 0.25925925925925924, 'recall': 0.2, 'f1': 0.22580645161290322, 'support': 35}, {'label': 3, 'precision': 0.3055555555555556, 'recall': 0.25, 'f1': 0.275, 'support': 44}, {'label': 4, 'precision': 0.6708860759493671, 'recall': 0.5353535353535354, 'f1': 0.5955056179775281, 'support': 99}]","[[0, 4, 1, 1, 1], [0, 15, 2, 3, 2], [0, 15, 7, 7, 6], [0, 9, 7, 11, 17], [3, 19, 10, 14, 53]]","{'accuracy': 0.42592592592592593, 'macro_f1': 0.29937545151768286, 'mae': 0.9685185185185186, 'quadratic_weighted_kappa': 0.3427680103966454}",-0.006280775500007163,0.014492753623188415,0.2222222222222222
all_channels,All channels,2026,ablate_MB,0.3864734299516908,0.3405050505050505,0.28887860538682675,1.0241545893719808,0.34009144423160276,"[{'label': 0, 'precision': 0.0, 'recall': 0.0, 'f1': 0.0, 'support': 7}, {'label': 1, 'precision': 0.2698412698412698, 'recall': 0.7727272727272727, 'f1': 0.4, 'support': 22}, {'label': 2, 'precision': 0.2916666666666667, 'recall': 0.2, 'f1': 0.23728813559322035, 'support': 35}, {'label': 3, 'precision': 0.28888888888888886, 'recall': 0.29545454545454547, 'f1': 0.29213483146067415, 'support': 44}, {'label': 4, 'precision': 0.6323529411764706, 'recall': 0.43434343434343436, 'f1': 0.5149700598802395, 'support': 99}]","[[0, 5, 0, 1, 1], [0, 17, 2, 2, 1], [2, 15, 7, 4, 7], [2, 5, 8, 13, 16], [3, 21, 7, 25, 43]]","{'accuracy': 0.4010582010582011, 'macro_f1': 0.3020787498954266, 'mae': 1.0201058201058202, 'quadratic_weighted_kappa': 0.3288281599808467}",-0.0044683955401761954,0.043478260869565244,0.25120772946859915
all_channels,All channels,2026,ablate_MP,0.3961352657004831,0.29943722943722945,0.28730134027821885,0.8115942028985508,0.4173670026948798,"[{'label': 0, 'precision': 0.0, 'recall': 0.0, 'f1': 0.0, 'support': 7}, {'label': 1, 'precision': 0.34615384615384615, 'recall': 0.4090909090909091, 'f1': 0.375, 'support': 22}, {'label': 2, 'precision': 0.2857142857142857, 'recall': 0.17142857142857143, 'f1': 0.21428571428571427, 'support': 35}, {'label': 3, 'precision': 0.22093023255813954, 'recall': 0.4318181818181818, 'f1': 0.2923076923076923, 'support': 44}, {'label': 4, 'precision': 0.6486486486486487, 'recall': 0.48484848484848486, 'f1': 0.5549132947976878, 'support': 99}]","[[0, 3, 0, 2, 2], [0, 9, 3, 8, 2], [0, 8, 6, 15, 6], [0, 2, 7, 19, 16], [0, 4, 5, 42, 48]]","{'accuracy': 0.4523809523809524, 'macro_f1': 0.34066945248766334, 'mae': 0.6944444444444444, 'quadratic_weighted_kappa': 0.5027575432018957}",-0.0028911304315683006,0.033816425120772986,0.03864734299516914
all_channels,All channels,2026,ablate_MR,0.13043478260869565,0.18210678210678213,0.10317248880747687,1.7826086956521738,0.01219453543736293,"[{'label': 0, 'precision': 0.0, 'recall': 0.0, 'f1': 0.0, 'support': 7}, {'label': 1, 'precision': 0.10071942446043165, 'recall': 0.6363636363636364, 'f1': 0.17391304347826086, 'support': 22}, {'label': 2, 'precision': 0.1388888888888889, 'recall': 0.14285714285714285, 'f1': 0.14084507042253522, 'support': 35}, {'label': 3, 'precision': 0.2222222222222222, 'recall': 0.09090909090909091, 'f1': 0.12903225806451613, 'support': 44}, {'label': 4, 'precision': 0.3333333333333333, 'recall': 0.04040404040404041, 'f1': 0.07207207207207207, 'support': 99}]","[[0, 5, 0, 1, 1], [1, 14, 4, 2, 1], [0, 28, 5, 1, 1], [0, 27, 8, 4, 5], [1, 65, 19, 10, 4]]","{'accuracy': 0.13333333333333333, 'macro_f1': 0.10356419291891236, 'mae': 1.8103174603174603, 'quadratic_weighted_kappa': 0.017249704588013226}",0.18123772103917368,0.2995169082125604,1.0096618357487923
all_channels,All channels,2026,ablate_MUV,0.32367149758454106,0.28109668109668107,0.2594432763341115,0.8695652173913043,0.32342041661871335,"[{'label': 0, 'precision': 0.0, 'recall': 0.0, 'f1': 0.0, 'support': 7}, {'label': 1, 'precision': 0.5333333333333333, 'recall': 0.36363636363636365, 'f1': 0.43243243243243246, 'support': 22}, {'label': 2, 'precision': 0.14285714285714285, 'recall': 0.14285714285714285, 'f1': 0.14285714285714285, 'support': 35}, {'label': 3, 'precision': 0.23931623931623933, 'recall': 0.6363636363636364, 'f1': 0.34782608695652173, 'support': 44}, {'label': 4, 'precision': 0.65, 'recall': 0.26262626262626265, 'f1': 0.37410071942446044, 'support': 99}]","[[0, 2, 1, 2, 2], [0, 8, 6, 5, 3], [0, 4, 5, 21, 5], [0, 0, 12, 28, 4], [0, 1, 11, 61, 26]]","{'accuracy': 0.3851851851851852, 'macro_f1': 0.3170405501325363, 'mae': 0.7566137566137567, 'quadratic_weighted_kappa': 0.4131844049712523}",0.024966933512539036,0.106280193236715,0.09661835748792269
